season,week,tm_id,tm,tm_score,opp_score,opp_id,opp,result,win_loss,season_type
2020,1,4,JP,149.36,117.34,10,Zac,1,W,Regular
2020,1,4,JP,149.36,117.34,10,Zac,1,W,Regular
2020,1,6,Aviel,139.02,164.28,8,Hosta,0,L,Regular
2020,1,6,Aviel,139.02,164.28,8,Hosta,0,L,Regular
2020,1,2,Montel,131.8,129.38,12,Randal,1,W,Regular
2020,1,2,Montel,131.8,129.38,12,Randal,1,W,Regular
2020,1,1,Tom,115.5,153.9,5,Patrick,0,L,Regular
2020,1,1,Tom,115.5,153.9,5,Patrick,0,L,Regular
2020,1,7,Conor,132.84,103.8,3,Tommy,1,W,Regular
2020,1,7,Conor,132.84,103.8,3,Tommy,1,W,Regular
2020,1,12,Randal,129.38,131.8,2,Montel,0,L,Regular
2020,1,12,Randal,129.38,131.8,2,Montel,0,L,Regular
2020,1,9,Naad,123.6,169.8,11,Logan,0,L,Regular
2020,1,9,Naad,123.6,169.8,11,Logan,0,L,Regular
2020,1,8,Hosta,164.28,139.02,6,Aviel,1,W,Regular
2020,1,8,Hosta,164.28,139.02,6,Aviel,1,W,Regular
2020,1,5,Patrick,153.9,115.5,1,Tom,1,W,Regular
2020,1,5,Patrick,153.9,115.5,1,Tom,1,W,Regular
2020,1,11,Logan,169.8,123.6,9,Naad,1,W,Regular
2020,1,11,Logan,169.8,123.6,9,Naad,1,W,Regular
2020,1,3,Tommy,103.8,132.84,7,Conor,0,L,Regular
2020,1,3,Tommy,103.8,132.84,7,Conor,0,L,Regular
2020,1,10,Zac,117.34,149.36,4,JP,0,L,Regular
2020,1,10,Zac,117.34,149.36,4,JP,0,L,Regular
2020,2,4,JP,170.5,162.6,6,Aviel,1,W,Regular
2020,2,4,JP,170.5,162.6,6,Aviel,1,W,Regular
2020,2,6,Aviel,162.6,170.5,4,JP,0,L,Regular
2020,2,6,Aviel,162.6,170.5,4,JP,0,L,Regular
2020,2,2,Montel,146.52,192.9,8,Hosta,0,L,Regular
2020,2,2,Montel,146.52,192.9,8,Hosta,0,L,Regular
2020,2,1,Tom,145.14,152.26,9,Naad,0,L,Regular
2020,2,1,Tom,145.14,152.26,9,Naad,0,L,Regular
2020,2,7,Conor,134.38,134.58,5,Patrick,0,L,Regular
2020,2,7,Conor,134.38,134.58,5,Patrick,0,L,Regular
2020,2,12,Randal,113.82,146.1,10,Zac,0,L,Regular
2020,2,12,Randal,113.82,146.1,10,Zac,0,L,Regular
2020,2,9,Naad,152.26,145.14,1,Tom,1,W,Regular
2020,2,9,Naad,152.26,145.14,1,Tom,1,W,Regular
2020,2,8,Hosta,192.9,146.52,2,Montel,1,W,Regular
2020,2,8,Hosta,192.9,146.52,2,Montel,1,W,Regular
2020,2,5,Patrick,134.58,134.38,7,Conor,1,W,Regular
2020,2,5,Patrick,134.58,134.38,7,Conor,1,W,Regular
2020,2,11,Logan,103.56,161.7,3,Tommy,0,L,Regular
2020,2,11,Logan,103.56,161.7,3,Tommy,0,L,Regular
2020,2,3,Tommy,161.7,103.56,11,Logan,1,W,Regular
2020,2,3,Tommy,161.7,103.56,11,Logan,1,W,Regular
2020,2,10,Zac,146.1,113.82,12,Randal,1,W,Regular
2020,2,10,Zac,146.1,113.82,12,Randal,1,W,Regular
2020,3,4,JP,119.62,177.74,8,Hosta,0,L,Regular
2020,3,4,JP,119.62,177.74,8,Hosta,0,L,Regular
2020,3,6,Aviel,169.36,97.7,12,Randal,1,W,Regular
2020,3,6,Aviel,169.36,97.7,12,Randal,1,W,Regular
2020,3,2,Montel,122.92,173.18,10,Zac,0,L,Regular
2020,3,2,Montel,122.92,173.18,10,Zac,0,L,Regular
2020,3,1,Tom,119,176.6,7,Conor,0,L,Regular
2020,3,1,Tom,119,176.6,7,Conor,0,L,Regular
2020,3,7,Conor,176.6,119,1,Tom,1,W,Regular
2020,3,7,Conor,176.6,119,1,Tom,1,W,Regular
2020,3,12,Randal,97.7,169.36,6,Aviel,0,L,Regular
2020,3,12,Randal,97.7,169.36,6,Aviel,0,L,Regular
2020,3,9,Naad,133.28,114.72,3,Tommy,1,W,Regular
2020,3,9,Naad,133.28,114.72,3,Tommy,1,W,Regular
2020,3,8,Hosta,177.74,119.62,4,JP,1,W,Regular
2020,3,8,Hosta,177.74,119.62,4,JP,1,W,Regular
2020,3,5,Patrick,151.78,83.64,11,Logan,1,W,Regular
2020,3,5,Patrick,151.78,83.64,11,Logan,1,W,Regular
2020,3,11,Logan,83.64,151.78,5,Patrick,0,L,Regular
2020,3,11,Logan,83.64,151.78,5,Patrick,0,L,Regular
2020,3,3,Tommy,114.72,133.28,9,Naad,0,L,Regular
2020,3,3,Tommy,114.72,133.28,9,Naad,0,L,Regular
2020,3,10,Zac,173.18,122.92,2,Montel,1,W,Regular
2020,3,10,Zac,173.18,122.92,2,Montel,1,W,Regular
2020,4,4,JP,156.38,145.5,2,Montel,1,W,Regular
2020,4,4,JP,156.38,145.5,2,Montel,1,W,Regular
2020,4,6,Aviel,114.3,148.08,10,Zac,0,L,Regular
2020,4,6,Aviel,114.3,148.08,10,Zac,0,L,Regular
2020,4,2,Montel,145.5,156.38,4,JP,0,L,Regular
2020,4,2,Montel,145.5,156.38,4,JP,0,L,Regular
2020,4,1,Tom,132.02,164.5,3,Tommy,0,L,Regular
2020,4,1,Tom,132.02,164.5,3,Tommy,0,L,Regular
2020,4,7,Conor,130.14,111.32,11,Logan,1,W,Regular
2020,4,7,Conor,130.14,111.32,11,Logan,1,W,Regular
2020,4,12,Randal,155.2,115.42,8,Hosta,1,W,Regular
2020,4,12,Randal,155.2,115.42,8,Hosta,1,W,Regular
2020,4,9,Naad,132.42,126,5,Patrick,1,W,Regular
2020,4,9,Naad,132.42,126,5,Patrick,1,W,Regular
2020,4,8,Hosta,115.42,155.2,12,Randal,0,L,Regular
2020,4,8,Hosta,115.42,155.2,12,Randal,0,L,Regular
2020,4,5,Patrick,126,132.42,9,Naad,0,L,Regular
2020,4,5,Patrick,126,132.42,9,Naad,0,L,Regular
2020,4,11,Logan,111.32,130.14,7,Conor,0,L,Regular
2020,4,11,Logan,111.32,130.14,7,Conor,0,L,Regular
2020,4,3,Tommy,164.5,132.02,1,Tom,1,W,Regular
2020,4,3,Tommy,164.5,132.02,1,Tom,1,W,Regular
2020,4,10,Zac,148.08,114.3,6,Aviel,1,W,Regular
2020,4,10,Zac,148.08,114.3,6,Aviel,1,W,Regular
2020,5,4,JP,170.48,126.88,12,Randal,1,W,Regular
2020,5,4,JP,170.48,126.88,12,Randal,1,W,Regular
2020,5,6,Aviel,154.56,111.12,2,Montel,1,W,Regular
2020,5,6,Aviel,154.56,111.12,2,Montel,1,W,Regular
2020,5,2,Montel,111.12,154.56,6,Aviel,0,L,Regular
2020,5,2,Montel,111.12,154.56,6,Aviel,0,L,Regular
2020,5,1,Tom,139.3,95,11,Logan,1,W,Regular
2020,5,1,Tom,139.3,95,11,Logan,1,W,Regular
2020,5,7,Conor,139.5,145.9,9,Naad,0,L,Regular
2020,5,7,Conor,139.5,145.9,9,Naad,0,L,Regular
2020,5,12,Randal,126.88,170.48,4,JP,0,L,Regular
2020,5,12,Randal,126.88,170.48,4,JP,0,L,Regular
2020,5,9,Naad,145.9,139.5,7,Conor,1,W,Regular
2020,5,9,Naad,145.9,139.5,7,Conor,1,W,Regular
2020,5,8,Hosta,165.92,146.44,10,Zac,1,W,Regular
2020,5,8,Hosta,165.92,146.44,10,Zac,1,W,Regular
2020,5,5,Patrick,100.12,103,3,Tommy,0,L,Regular
2020,5,5,Patrick,100.12,103,3,Tommy,0,L,Regular
2020,5,11,Logan,95,139.3,1,Tom,0,L,Regular
2020,5,11,Logan,95,139.3,1,Tom,0,L,Regular
2020,5,3,Tommy,103,100.12,5,Patrick,1,W,Regular
2020,5,3,Tommy,103,100.12,5,Patrick,1,W,Regular
2020,5,10,Zac,146.44,165.92,8,Hosta,0,L,Regular
2020,5,10,Zac,146.44,165.92,8,Hosta,0,L,Regular
2020,6,4,JP,109.8,171.14,3,Tommy,0,L,Regular
2020,6,4,JP,109.8,171.14,3,Tommy,0,L,Regular
2020,6,6,Aviel,111.5,162.04,11,Logan,0,L,Regular
2020,6,6,Aviel,111.5,162.04,11,Logan,0,L,Regular
2020,6,2,Montel,102.14,109.52,1,Tom,0,L,Regular
2020,6,2,Montel,102.14,109.52,1,Tom,0,L,Regular
2020,6,1,Tom,109.52,102.14,2,Montel,1,W,Regular
2020,6,1,Tom,109.52,102.14,2,Montel,1,W,Regular
2020,6,7,Conor,104.7,137.58,10,Zac,0,L,Regular
2020,6,7,Conor,104.7,137.58,10,Zac,0,L,Regular
2020,6,12,Randal,125.22,111.28,5,Patrick,1,W,Regular
2020,6,12,Randal,125.22,111.28,5,Patrick,1,W,Regular
2020,6,9,Naad,117.34,126.68,8,Hosta,0,L,Regular
2020,6,9,Naad,117.34,126.68,8,Hosta,0,L,Regular
2020,6,8,Hosta,126.68,117.34,9,Naad,1,W,Regular
2020,6,8,Hosta,126.68,117.34,9,Naad,1,W,Regular
2020,6,5,Patrick,111.28,125.22,12,Randal,0,L,Regular
2020,6,5,Patrick,111.28,125.22,12,Randal,0,L,Regular
2020,6,11,Logan,162.04,111.5,6,Aviel,1,W,Regular
2020,6,11,Logan,162.04,111.5,6,Aviel,1,W,Regular
2020,6,3,Tommy,171.14,109.8,4,JP,1,W,Regular
2020,6,3,Tommy,171.14,109.8,4,JP,1,W,Regular
2020,6,10,Zac,137.58,104.7,7,Conor,1,W,Regular
2020,6,10,Zac,137.58,104.7,7,Conor,1,W,Regular
2020,7,4,JP,104.72,136.5,7,Conor,0,L,Regular
2020,7,4,JP,104.72,136.5,7,Conor,0,L,Regular
2020,7,6,Aviel,167.46,189.4,9,Naad,0,L,Regular
2020,7,6,Aviel,167.46,189.4,9,Naad,0,L,Regular
2020,7,2,Montel,58.72,105.82,5,Patrick,0,L,Regular
2020,7,2,Montel,58.72,105.82,5,Patrick,0,L,Regular
2020,7,1,Tom,149.4,131.42,12,Randal,1,W,Regular
2020,7,1,Tom,149.4,131.42,12,Randal,1,W,Regular
2020,7,7,Conor,136.5,104.72,4,JP,1,W,Regular
2020,7,7,Conor,136.5,104.72,4,JP,1,W,Regular
2020,7,12,Randal,131.42,149.4,1,Tom,0,L,Regular
2020,7,12,Randal,131.42,149.4,1,Tom,0,L,Regular
2020,7,9,Naad,189.4,167.46,6,Aviel,1,W,Regular
2020,7,9,Naad,189.4,167.46,6,Aviel,1,W,Regular
2020,7,8,Hosta,82.58,189.56,11,Logan,0,L,Regular
2020,7,8,Hosta,82.58,189.56,11,Logan,0,L,Regular
2020,7,5,Patrick,105.82,58.72,2,Montel,1,W,Regular
2020,7,5,Patrick,105.82,58.72,2,Montel,1,W,Regular
2020,7,11,Logan,189.56,82.58,8,Hosta,1,W,Regular
2020,7,11,Logan,189.56,82.58,8,Hosta,1,W,Regular
2020,7,3,Tommy,165.06,128.52,10,Zac,1,W,Regular
2020,7,3,Tommy,165.06,128.52,10,Zac,1,W,Regular
2020,7,10,Zac,128.52,165.06,3,Tommy,0,L,Regular
2020,7,10,Zac,128.52,165.06,3,Tommy,0,L,Regular
2020,8,4,JP,98.84,116.04,1,Tom,0,L,Regular
2020,8,4,JP,98.84,116.04,1,Tom,0,L,Regular
2020,8,6,Aviel,103.06,115.64,7,Conor,0,L,Regular
2020,8,6,Aviel,103.06,115.64,7,Conor,0,L,Regular
2020,8,2,Montel,86.94,86.52,9,Naad,1,W,Regular
2020,8,2,Montel,86.94,86.52,9,Naad,1,W,Regular
2020,8,1,Tom,116.04,98.84,4,JP,1,W,Regular
2020,8,1,Tom,116.04,98.84,4,JP,1,W,Regular
2020,8,7,Conor,115.64,103.06,6,Aviel,1,W,Regular
2020,8,7,Conor,115.64,103.06,6,Aviel,1,W,Regular
2020,8,12,Randal,143.84,159.42,11,Logan,0,L,Regular
2020,8,12,Randal,143.84,159.42,11,Logan,0,L,Regular
2020,8,9,Naad,86.52,86.94,2,Montel,0,L,Regular
2020,8,9,Naad,86.52,86.94,2,Montel,0,L,Regular
2020,8,8,Hosta,137.06,77.64,3,Tommy,1,W,Regular
2020,8,8,Hosta,137.06,77.64,3,Tommy,1,W,Regular
2020,8,5,Patrick,169.66,114.4,10,Zac,1,W,Regular
2020,8,5,Patrick,169.66,114.4,10,Zac,1,W,Regular
2020,8,11,Logan,159.42,143.84,12,Randal,1,W,Regular
2020,8,11,Logan,159.42,143.84,12,Randal,1,W,Regular
2020,8,3,Tommy,77.64,137.06,8,Hosta,0,L,Regular
2020,8,3,Tommy,77.64,137.06,8,Hosta,0,L,Regular
2020,8,10,Zac,114.4,169.66,5,Patrick,0,L,Regular
2020,8,10,Zac,114.4,169.66,5,Patrick,0,L,Regular
2020,9,4,JP,143.4,135.76,5,Patrick,1,W,Regular
2020,9,4,JP,143.4,135.76,5,Patrick,1,W,Regular
2020,9,6,Aviel,109.44,128.48,3,Tommy,0,L,Regular
2020,9,6,Aviel,109.44,128.48,3,Tommy,0,L,Regular
2020,9,2,Montel,136.56,124.02,11,Logan,1,W,Regular
2020,9,2,Montel,136.56,124.02,11,Logan,1,W,Regular
2020,9,1,Tom,121.72,122.74,10,Zac,0,L,Regular
2020,9,1,Tom,121.72,122.74,10,Zac,0,L,Regular
2020,9,7,Conor,118.28,138.2,8,Hosta,0,L,Regular
2020,9,7,Conor,118.28,138.2,8,Hosta,0,L,Regular
2020,9,12,Randal,87.2,111.6,9,Naad,0,L,Regular
2020,9,12,Randal,87.2,111.6,9,Naad,0,L,Regular
2020,9,9,Naad,111.6,87.2,12,Randal,1,W,Regular
2020,9,9,Naad,111.6,87.2,12,Randal,1,W,Regular
2020,9,8,Hosta,138.2,118.28,7,Conor,1,W,Regular
2020,9,8,Hosta,138.2,118.28,7,Conor,1,W,Regular
2020,9,5,Patrick,135.76,143.4,4,JP,0,L,Regular
2020,9,5,Patrick,135.76,143.4,4,JP,0,L,Regular
2020,9,11,Logan,124.02,136.56,2,Montel,0,L,Regular
2020,9,11,Logan,124.02,136.56,2,Montel,0,L,Regular
2020,9,3,Tommy,128.48,109.44,6,Aviel,1,W,Regular
2020,9,3,Tommy,128.48,109.44,6,Aviel,1,W,Regular
2020,9,10,Zac,122.74,121.72,1,Tom,1,W,Regular
2020,9,10,Zac,122.74,121.72,1,Tom,1,W,Regular
2020,10,4,JP,109.1,81.06,9,Naad,1,W,Regular
2020,10,4,JP,109.1,81.06,9,Naad,1,W,Regular
2020,10,6,Aviel,108.92,111.02,5,Patrick,0,L,Regular
2020,10,6,Aviel,108.92,111.02,5,Patrick,0,L,Regular
2020,10,2,Montel,85.78,129.34,3,Tommy,0,L,Regular
2020,10,2,Montel,85.78,129.34,3,Tommy,0,L,Regular
2020,10,1,Tom,147.7,115.26,8,Hosta,1,W,Regular
2020,10,1,Tom,147.7,115.26,8,Hosta,1,W,Regular
2020,10,7,Conor,112.44,105.42,12,Randal,1,W,Regular
2020,10,7,Conor,112.44,105.42,12,Randal,1,W,Regular
2020,10,12,Randal,105.42,112.44,7,Conor,0,L,Regular
2020,10,12,Randal,105.42,112.44,7,Conor,0,L,Regular
2020,10,9,Naad,81.06,109.1,4,JP,0,L,Regular
2020,10,9,Naad,81.06,109.1,4,JP,0,L,Regular
2020,10,8,Hosta,115.26,147.7,1,Tom,0,L,Regular
2020,10,8,Hosta,115.26,147.7,1,Tom,0,L,Regular
2020,10,5,Patrick,111.02,108.92,6,Aviel,1,W,Regular
2020,10,5,Patrick,111.02,108.92,6,Aviel,1,W,Regular
2020,10,11,Logan,84.32,150.74,10,Zac,0,L,Regular
2020,10,11,Logan,84.32,150.74,10,Zac,0,L,Regular
2020,10,3,Tommy,129.34,85.78,2,Montel,1,W,Regular
2020,10,3,Tommy,129.34,85.78,2,Montel,1,W,Regular
2020,10,10,Zac,150.74,84.32,11,Logan,1,W,Regular
2020,10,10,Zac,150.74,84.32,11,Logan,1,W,Regular
2020,11,4,JP,134.44,110.2,11,Logan,1,W,Regular
2020,11,4,JP,134.44,110.2,11,Logan,1,W,Regular
2020,11,6,Aviel,134.16,149.96,1,Tom,0,L,Regular
2020,11,6,Aviel,134.16,149.96,1,Tom,0,L,Regular
2020,11,2,Montel,85.48,121.22,7,Conor,0,L,Regular
2020,11,2,Montel,85.48,121.22,7,Conor,0,L,Regular
2020,11,1,Tom,149.96,134.16,6,Aviel,1,W,Regular
2020,11,1,Tom,149.96,134.16,6,Aviel,1,W,Regular
2020,11,7,Conor,121.22,85.48,2,Montel,1,W,Regular
2020,11,7,Conor,121.22,85.48,2,Montel,1,W,Regular
2020,11,12,Randal,151.78,130.86,3,Tommy,1,W,Regular
2020,11,12,Randal,151.78,130.86,3,Tommy,1,W,Regular
2020,11,9,Naad,119.54,146.18,10,Zac,0,L,Regular
2020,11,9,Naad,119.54,146.18,10,Zac,0,L,Regular
2020,11,8,Hosta,133.68,149.12,5,Patrick,0,L,Regular
2020,11,8,Hosta,133.68,149.12,5,Patrick,0,L,Regular
2020,11,5,Patrick,149.12,133.68,8,Hosta,1,W,Regular
2020,11,5,Patrick,149.12,133.68,8,Hosta,1,W,Regular
2020,11,11,Logan,110.2,134.44,4,JP,0,L,Regular
2020,11,11,Logan,110.2,134.44,4,JP,0,L,Regular
2020,11,3,Tommy,130.86,151.78,12,Randal,0,L,Regular
2020,11,3,Tommy,130.86,151.78,12,Randal,0,L,Regular
2020,11,10,Zac,146.18,119.54,9,Naad,1,W,Regular
2020,11,10,Zac,146.18,119.54,9,Naad,1,W,Regular
2020,12,4,JP,101.74,159.2,1,Tom,0,L,Regular
2020,12,4,JP,101.74,159.2,1,Tom,0,L,Regular
2020,12,6,Aviel,172.92,108.46,5,Patrick,1,W,Regular
2020,12,6,Aviel,172.92,108.46,5,Patrick,1,W,Regular
2020,12,2,Montel,78,82,12,Randal,0,L,Regular
2020,12,2,Montel,78,82,12,Randal,0,L,Regular
2020,12,1,Tom,159.2,101.74,4,JP,1,W,Regular
2020,12,1,Tom,159.2,101.74,4,JP,1,W,Regular
2020,12,7,Conor,97.58,138.82,3,Tommy,0,L,Regular
2020,12,7,Conor,97.58,138.82,3,Tommy,0,L,Regular
2020,12,12,Randal,82,78,2,Montel,1,W,Regular
2020,12,12,Randal,82,78,2,Montel,1,W,Regular
2020,12,9,Naad,73.4,134.72,11,Logan,0,L,Regular
2020,12,9,Naad,73.4,134.72,11,Logan,0,L,Regular
2020,12,8,Hosta,161.08,117.72,10,Zac,1,W,Regular
2020,12,8,Hosta,161.08,117.72,10,Zac,1,W,Regular
2020,12,5,Patrick,108.46,172.92,6,Aviel,0,L,Regular
2020,12,5,Patrick,108.46,172.92,6,Aviel,0,L,Regular
2020,12,11,Logan,134.72,73.4,9,Naad,1,W,Regular
2020,12,11,Logan,134.72,73.4,9,Naad,1,W,Regular
2020,12,3,Tommy,138.82,97.58,7,Conor,1,W,Regular
2020,12,3,Tommy,138.82,97.58,7,Conor,1,W,Regular
2020,12,10,Zac,117.72,161.08,8,Hosta,0,L,Regular
2020,12,10,Zac,117.72,161.08,8,Hosta,0,L,Regular
2020,13,4,JP,124.6,155.24,10,Zac,0,L,Regular
2020,13,4,JP,124.6,155.24,10,Zac,0,L,Regular
2020,13,6,Aviel,116.54,179.12,12,Randal,0,L,Regular
2020,13,6,Aviel,116.54,179.12,12,Randal,0,L,Regular
2020,13,2,Montel,88.52,106.46,5,Patrick,0,L,Regular
2020,13,2,Montel,88.52,106.46,5,Patrick,0,L,Regular
2020,13,1,Tom,138.02,118.06,11,Logan,1,W,Regular
2020,13,1,Tom,138.02,118.06,11,Logan,1,W,Regular
2020,13,7,Conor,94.92,174.5,8,Hosta,0,L,Regular
2020,13,7,Conor,94.92,174.5,8,Hosta,0,L,Regular
2020,13,12,Randal,179.12,116.54,6,Aviel,1,W,Regular
2020,13,12,Randal,179.12,116.54,6,Aviel,1,W,Regular
2020,13,9,Naad,123.42,117.16,3,Tommy,1,W,Regular
2020,13,9,Naad,123.42,117.16,3,Tommy,1,W,Regular
2020,13,8,Hosta,174.5,94.92,7,Conor,1,W,Regular
2020,13,8,Hosta,174.5,94.92,7,Conor,1,W,Regular
2020,13,5,Patrick,106.46,88.52,2,Montel,1,W,Regular
2020,13,5,Patrick,106.46,88.52,2,Montel,1,W,Regular
2020,13,11,Logan,118.06,138.02,1,Tom,0,L,Regular
2020,13,11,Logan,118.06,138.02,1,Tom,0,L,Regular
2020,13,3,Tommy,117.16,123.42,9,Naad,0,L,Regular
2020,13,3,Tommy,117.16,123.42,9,Naad,0,L,Regular
2020,13,10,Zac,155.24,124.6,4,JP,1,W,Regular
2020,13,10,Zac,155.24,124.6,4,JP,1,W,Regular
2020,14,4,JP,135.2,153.16,1,Tom,0,L,Playoffs
2020,14,4,JP,135.2,153.16,1,Tom,0,L,Playoffs
2020,14,1,Tom,153.16,135.2,4,JP,1,W,Playoffs
2020,14,1,Tom,153.16,135.2,4,JP,1,W,Playoffs
2020,14,8,Hosta,148.82,NA,2,Montel,NA,NA,Playoffs
2020,14,5,Patrick,140.9,123.78,3,Tommy,1,W,Playoffs
2020,14,5,Patrick,140.9,123.78,3,Tommy,1,W,Playoffs
2020,14,3,Tommy,123.78,140.9,5,Patrick,0,L,Playoffs
2020,14,3,Tommy,123.78,140.9,5,Patrick,0,L,Playoffs
2020,14,10,Zac,137.68,NA,2,Montel,NA,NA,Playoffs
2020,15,4,JP,95.02,159.42,3,Tommy,0,L,Playoffs
2020,15,4,JP,95.02,159.42,3,Tommy,0,L,Playoffs
2020,15,1,Tom,132.94,129.06,10,Zac,1,W,Playoffs
2020,15,1,Tom,132.94,129.06,10,Zac,1,W,Playoffs
2020,15,8,Hosta,162.06,154.88,5,Patrick,1,W,Playoffs
2020,15,8,Hosta,162.06,154.88,5,Patrick,1,W,Playoffs
2020,15,5,Patrick,154.88,162.06,8,Hosta,0,L,Playoffs
2020,15,5,Patrick,154.88,162.06,8,Hosta,0,L,Playoffs
2020,15,3,Tommy,159.42,95.02,4,JP,1,W,Playoffs
2020,15,3,Tommy,159.42,95.02,4,JP,1,W,Playoffs
2020,15,10,Zac,129.06,132.94,1,Tom,0,L,Playoffs
2020,15,10,Zac,129.06,132.94,1,Tom,0,L,Playoffs
2020,16,4,JP,144.14,NA,3,Tommy,NA,NA,Playoffs
2020,16,4,JP,NA,119.44,3,Tommy,NA,NA,Playoffs
2020,16,1,Tom,108.58,141.5,8,Hosta,0,L,Playoffs
2020,16,1,Tom,108.58,141.5,8,Hosta,0,L,Playoffs
2020,16,8,Hosta,141.5,108.58,1,Tom,1,W,Playoffs
2020,16,8,Hosta,141.5,108.58,1,Tom,1,W,Playoffs
2020,16,5,Patrick,106.6,136.56,10,Zac,0,L,Playoffs
2020,16,5,Patrick,106.6,136.56,10,Zac,0,L,Playoffs
2020,16,3,Tommy,119.44,NA,4,JP,NA,NA,Playoffs
2020,16,3,Tommy,NA,144.14,4,JP,NA,NA,Playoffs
2020,16,3,Tommy,NA,111.32,7,Conor,NA,NA,Playoffs
2020,16,3,Tommy,NA,137.88,11,Logan,NA,NA,Playoffs
2020,16,10,Zac,136.56,106.6,5,Patrick,1,W,Playoffs
2020,16,10,Zac,136.56,106.6,5,Patrick,1,W,Playoffs
2021,1,1,NA,164.92,112.88,11,NA,1,W,Regular
2021,1,2,NA,125.84,121.72,4,NA,1,W,Regular
2021,1,3,NA,109.98,137.96,9,NA,0,L,Regular
2021,1,4,NA,121.72,125.84,2,NA,0,L,Regular
2021,1,5,NA,153.94,152.56,7,NA,1,W,Regular
2021,1,6,NA,134.16,125.4,8,NA,1,W,Regular
2021,1,7,NA,152.56,153.94,5,NA,0,L,Regular
2021,1,8,NA,125.4,134.16,6,NA,0,L,Regular
2021,1,9,NA,137.96,109.98,3,NA,1,W,Regular
2021,1,10,NA,118.58,162.66,12,NA,0,L,Regular
2021,1,11,NA,112.88,164.92,1,NA,0,L,Regular
2021,1,12,NA,162.66,118.58,10,NA,1,W,Regular
2021,1,11,NA,112.88,164.92,1,NA,0,L,Regular
2021,1,4,NA,121.72,125.84,2,NA,0,L,Regular
2021,1,9,NA,137.96,109.98,3,NA,1,W,Regular
2021,1,2,NA,125.84,121.72,4,NA,1,W,Regular
2021,1,7,NA,152.56,153.94,5,NA,0,L,Regular
2021,1,8,NA,125.4,134.16,6,NA,0,L,Regular
2021,1,5,NA,153.94,152.56,7,NA,1,W,Regular
2021,1,6,NA,134.16,125.4,8,NA,1,W,Regular
2021,1,3,NA,109.98,137.96,9,NA,0,L,Regular
2021,1,12,NA,162.66,118.58,10,NA,1,W,Regular
2021,1,1,NA,164.92,112.88,11,NA,1,W,Regular
2021,1,10,NA,118.58,162.66,12,NA,0,L,Regular
2021,2,1,NA,101.42,150,9,NA,0,L,Regular
2021,2,2,NA,111.52,127.82,10,NA,0,L,Regular
2021,2,3,NA,143.38,153.9,7,NA,0,L,Regular
2021,2,4,NA,136.48,164.46,8,NA,0,L,Regular
2021,2,5,NA,136.08,115.52,11,NA,1,W,Regular
2021,2,6,NA,133.04,144.92,12,NA,0,L,Regular
2021,2,7,NA,153.9,143.38,3,NA,1,W,Regular
2021,2,8,NA,164.46,136.48,4,NA,1,W,Regular
2021,2,9,NA,150,101.42,1,NA,1,W,Regular
2021,2,10,NA,127.82,111.52,2,NA,1,W,Regular
2021,2,11,NA,115.52,136.08,5,NA,0,L,Regular
2021,2,12,NA,144.92,133.04,6,NA,1,W,Regular
2021,2,9,NA,150,101.42,1,NA,1,W,Regular
2021,2,10,NA,127.82,111.52,2,NA,1,W,Regular
2021,2,7,NA,153.9,143.38,3,NA,1,W,Regular
2021,2,8,NA,164.46,136.48,4,NA,1,W,Regular
2021,2,11,NA,115.52,136.08,5,NA,0,L,Regular
2021,2,12,NA,144.92,133.04,6,NA,1,W,Regular
2021,2,3,NA,143.38,153.9,7,NA,0,L,Regular
2021,2,4,NA,136.48,164.46,8,NA,0,L,Regular
2021,2,1,NA,101.42,150,9,NA,0,L,Regular
2021,2,2,NA,111.52,127.82,10,NA,0,L,Regular
2021,2,5,NA,136.08,115.52,11,NA,1,W,Regular
2021,2,6,NA,133.04,144.92,12,NA,0,L,Regular
2021,3,1,NA,124.9,152.28,3,NA,0,L,Regular
2021,3,2,NA,147.72,147.02,8,NA,1,W,Regular
2021,3,3,NA,152.28,124.9,1,NA,1,W,Regular
2021,3,4,NA,121.52,141.92,12,NA,0,L,Regular
2021,3,5,NA,115.52,143.88,9,NA,0,L,Regular
2021,3,6,NA,130.98,151.94,10,NA,0,L,Regular
2021,3,7,NA,88.54,89.06,11,NA,0,L,Regular
2021,3,8,NA,147.02,147.72,2,NA,0,L,Regular
2021,3,9,NA,143.88,115.52,5,NA,1,W,Regular
2021,3,10,NA,151.94,130.98,6,NA,1,W,Regular
2021,3,11,NA,89.06,88.54,7,NA,1,W,Regular
2021,3,12,NA,141.92,121.52,4,NA,1,W,Regular
2021,3,3,NA,152.28,124.9,1,NA,1,W,Regular
2021,3,8,NA,147.02,147.72,2,NA,0,L,Regular
2021,3,1,NA,124.9,152.28,3,NA,0,L,Regular
2021,3,12,NA,141.92,121.52,4,NA,1,W,Regular
2021,3,9,NA,143.88,115.52,5,NA,1,W,Regular
2021,3,10,NA,151.94,130.98,6,NA,1,W,Regular
2021,3,11,NA,89.06,88.54,7,NA,1,W,Regular
2021,3,2,NA,147.72,147.02,8,NA,1,W,Regular
2021,3,5,NA,115.52,143.88,9,NA,0,L,Regular
2021,3,6,NA,130.98,151.94,10,NA,0,L,Regular
2021,3,7,NA,88.54,89.06,11,NA,0,L,Regular
2021,3,4,NA,121.52,141.92,12,NA,0,L,Regular
2021,4,1,NA,186.22,84.62,7,NA,1,W,Regular
2021,4,2,NA,120.9,87.16,6,NA,1,W,Regular
2021,4,3,NA,173.8,145.82,5,NA,1,W,Regular
2021,4,4,NA,107.72,142.68,10,NA,0,L,Regular
2021,4,5,NA,145.82,173.8,3,NA,0,L,Regular
2021,4,6,NA,87.16,120.9,2,NA,0,L,Regular
2021,4,7,NA,84.62,186.22,1,NA,0,L,Regular
2021,4,8,NA,102.32,162.56,12,NA,0,L,Regular
2021,4,9,NA,128.58,114.36,11,NA,1,W,Regular
2021,4,10,NA,142.68,107.72,4,NA,1,W,Regular
2021,4,11,NA,114.36,128.58,9,NA,0,L,Regular
2021,4,12,NA,162.56,102.32,8,NA,1,W,Regular
2021,4,7,NA,84.62,186.22,1,NA,0,L,Regular
2021,4,6,NA,87.16,120.9,2,NA,0,L,Regular
2021,4,5,NA,145.82,173.8,3,NA,0,L,Regular
2021,4,10,NA,142.68,107.72,4,NA,1,W,Regular
2021,4,3,NA,173.8,145.82,5,NA,1,W,Regular
2021,4,2,NA,120.9,87.16,6,NA,1,W,Regular
2021,4,1,NA,186.22,84.62,7,NA,1,W,Regular
2021,4,12,NA,162.56,102.32,8,NA,1,W,Regular
2021,4,11,NA,114.36,128.58,9,NA,0,L,Regular
2021,4,4,NA,107.72,142.68,10,NA,0,L,Regular
2021,4,9,NA,128.58,114.36,11,NA,1,W,Regular
2021,4,8,NA,102.32,162.56,12,NA,0,L,Regular
2021,5,1,NA,133.48,171.44,5,NA,0,L,Regular
2021,5,2,NA,121.6,134.68,12,NA,0,L,Regular
2021,5,3,NA,133.82,140.02,11,NA,0,L,Regular
2021,5,4,NA,203.28,138.34,6,NA,1,W,Regular
2021,5,5,NA,171.44,133.48,1,NA,1,W,Regular
2021,5,6,NA,138.34,203.28,4,NA,0,L,Regular
2021,5,7,NA,78.16,201.08,9,NA,0,L,Regular
2021,5,8,NA,153.6,158.82,10,NA,0,L,Regular
2021,5,9,NA,201.08,78.16,7,NA,1,W,Regular
2021,5,10,NA,158.82,153.6,8,NA,1,W,Regular
2021,5,11,NA,140.02,133.82,3,NA,1,W,Regular
2021,5,12,NA,134.68,121.6,2,NA,1,W,Regular
2021,5,5,NA,171.44,133.48,1,NA,1,W,Regular
2021,5,12,NA,134.68,121.6,2,NA,1,W,Regular
2021,5,11,NA,140.02,133.82,3,NA,1,W,Regular
2021,5,6,NA,138.34,203.28,4,NA,0,L,Regular
2021,5,1,NA,133.48,171.44,5,NA,0,L,Regular
2021,5,4,NA,203.28,138.34,6,NA,1,W,Regular
2021,5,9,NA,201.08,78.16,7,NA,1,W,Regular
2021,5,10,NA,158.82,153.6,8,NA,1,W,Regular
2021,5,7,NA,78.16,201.08,9,NA,0,L,Regular
2021,5,8,NA,153.6,158.82,10,NA,0,L,Regular
2021,5,3,NA,133.82,140.02,11,NA,0,L,Regular
2021,5,2,NA,121.6,134.68,12,NA,0,L,Regular
2021,6,1,NA,156.98,112.88,6,NA,1,W,Regular
2021,6,2,NA,157.44,144.76,7,NA,1,W,Regular
2021,6,3,NA,80.18,130.2,10,NA,0,L,Regular
2021,6,4,NA,112.9,156.44,5,NA,0,L,Regular
2021,6,5,NA,156.44,112.9,4,NA,1,W,Regular
2021,6,6,NA,112.88,156.98,1,NA,0,L,Regular
2021,6,7,NA,144.76,157.44,2,NA,0,L,Regular
2021,6,8,NA,124.82,124.66,11,NA,1,W,Regular
2021,6,9,NA,127.28,128.44,12,NA,0,L,Regular
2021,6,10,NA,130.2,80.18,3,NA,1,W,Regular
2021,6,11,NA,124.66,124.82,8,NA,0,L,Regular
2021,6,12,NA,128.44,127.28,9,NA,1,W,Regular
2021,6,6,NA,112.88,156.98,1,NA,0,L,Regular
2021,6,7,NA,144.76,157.44,2,NA,0,L,Regular
2021,6,10,NA,130.2,80.18,3,NA,1,W,Regular
2021,6,5,NA,156.44,112.9,4,NA,1,W,Regular
2021,6,4,NA,112.9,156.44,5,NA,0,L,Regular
2021,6,1,NA,156.98,112.88,6,NA,1,W,Regular
2021,6,2,NA,157.44,144.76,7,NA,1,W,Regular
2021,6,11,NA,124.66,124.82,8,NA,0,L,Regular
2021,6,12,NA,128.44,127.28,9,NA,1,W,Regular
2021,6,3,NA,80.18,130.2,10,NA,0,L,Regular
2021,6,8,NA,124.82,124.66,11,NA,1,W,Regular
2021,6,9,NA,127.28,128.44,12,NA,0,L,Regular
2021,7,1,NA,98.44,128.18,8,NA,0,L,Regular
2021,7,2,NA,70.76,125.54,5,NA,0,L,Regular
2021,7,3,NA,167.9,101.02,12,NA,1,W,Regular
2021,7,4,NA,105.46,95.34,7,NA,1,W,Regular
2021,7,5,NA,125.54,70.76,2,NA,1,W,Regular
2021,7,6,NA,162.94,120.3,11,NA,1,W,Regular
2021,7,7,NA,95.34,105.46,4,NA,0,L,Regular
2021,7,8,NA,128.18,98.44,1,NA,1,W,Regular
2021,7,9,NA,126.58,126.28,10,NA,1,W,Regular
2021,7,10,NA,126.28,126.58,9,NA,0,L,Regular
2021,7,11,NA,120.3,162.94,6,NA,0,L,Regular
2021,7,12,NA,101.02,167.9,3,NA,0,L,Regular
2021,7,8,NA,128.18,98.44,1,NA,1,W,Regular
2021,7,5,NA,125.54,70.76,2,NA,1,W,Regular
2021,7,12,NA,101.02,167.9,3,NA,0,L,Regular
2021,7,7,NA,95.34,105.46,4,NA,0,L,Regular
2021,7,2,NA,70.76,125.54,5,NA,0,L,Regular
2021,7,11,NA,120.3,162.94,6,NA,0,L,Regular
2021,7,4,NA,105.46,95.34,7,NA,1,W,Regular
2021,7,1,NA,98.44,128.18,8,NA,0,L,Regular
2021,7,10,NA,126.28,126.58,9,NA,0,L,Regular
2021,7,9,NA,126.58,126.28,10,NA,1,W,Regular
2021,7,6,NA,162.94,120.3,11,NA,1,W,Regular
2021,7,3,NA,167.9,101.02,12,NA,1,W,Regular
2021,8,1,NA,125.8,125.9,2,NA,0,L,Regular
2021,8,2,NA,125.9,125.8,1,NA,1,W,Regular
2021,8,3,NA,105.1,146.8,6,NA,0,L,Regular
2021,8,4,NA,134.1,99.14,11,NA,1,W,Regular
2021,8,5,NA,109.46,127.32,12,NA,0,L,Regular
2021,8,6,NA,146.8,105.1,3,NA,1,W,Regular
2021,8,7,NA,76.96,101.62,10,NA,0,L,Regular
2021,8,8,NA,119.66,98.92,9,NA,1,W,Regular
2021,8,9,NA,98.92,119.66,8,NA,0,L,Regular
2021,8,10,NA,101.62,76.96,7,NA,1,W,Regular
2021,8,11,NA,99.14,134.1,4,NA,0,L,Regular
2021,8,12,NA,127.32,109.46,5,NA,1,W,Regular
2021,8,2,NA,125.9,125.8,1,NA,1,W,Regular
2021,8,1,NA,125.8,125.9,2,NA,0,L,Regular
2021,8,6,NA,146.8,105.1,3,NA,1,W,Regular
2021,8,11,NA,99.14,134.1,4,NA,0,L,Regular
2021,8,12,NA,127.32,109.46,5,NA,1,W,Regular
2021,8,3,NA,105.1,146.8,6,NA,0,L,Regular
2021,8,10,NA,101.62,76.96,7,NA,1,W,Regular
2021,8,9,NA,98.92,119.66,8,NA,0,L,Regular
2021,8,8,NA,119.66,98.92,9,NA,1,W,Regular
2021,8,7,NA,76.96,101.62,10,NA,0,L,Regular
2021,8,4,NA,134.1,99.14,11,NA,1,W,Regular
2021,8,5,NA,109.46,127.32,12,NA,0,L,Regular
2021,9,1,NA,123.54,119.38,4,NA,1,W,Regular
2021,9,2,NA,92.36,93.88,11,NA,0,L,Regular
2021,9,3,NA,87.22,111.66,8,NA,0,L,Regular
2021,9,4,NA,119.38,123.54,1,NA,0,L,Regular
2021,9,5,NA,112.28,134.84,10,NA,0,L,Regular
2021,9,6,NA,98.8,112.44,9,NA,0,L,Regular
2021,9,7,NA,68.5,123.94,12,NA,0,L,Regular
2021,9,8,NA,111.66,87.22,3,NA,1,W,Regular
2021,9,9,NA,112.44,98.8,6,NA,1,W,Regular
2021,9,10,NA,134.84,112.28,5,NA,1,W,Regular
2021,9,11,NA,93.88,92.36,2,NA,1,W,Regular
2021,9,12,NA,123.94,68.5,7,NA,1,W,Regular
2021,9,4,NA,119.38,123.54,1,NA,0,L,Regular
2021,9,11,NA,93.88,92.36,2,NA,1,W,Regular
2021,9,8,NA,111.66,87.22,3,NA,1,W,Regular
2021,9,1,NA,123.54,119.38,4,NA,1,W,Regular
2021,9,10,NA,134.84,112.28,5,NA,1,W,Regular
2021,9,9,NA,112.44,98.8,6,NA,1,W,Regular
2021,9,12,NA,123.94,68.5,7,NA,1,W,Regular
2021,9,3,NA,87.22,111.66,8,NA,0,L,Regular
2021,9,6,NA,98.8,112.44,9,NA,0,L,Regular
2021,9,5,NA,112.28,134.84,10,NA,0,L,Regular
2021,9,2,NA,92.36,93.88,11,NA,0,L,Regular
2021,9,7,NA,68.5,123.94,12,NA,0,L,Regular
2021,10,1,NA,173.24,147.3,10,NA,1,W,Regular
2021,10,2,NA,99.42,126.52,3,NA,0,L,Regular
2021,10,3,NA,126.52,99.42,2,NA,1,W,Regular
2021,10,4,NA,127.64,122.08,9,NA,1,W,Regular
2021,10,5,NA,116.66,94.44,8,NA,1,W,Regular
2021,10,6,NA,111.9,127.44,7,NA,0,L,Regular
2021,10,7,NA,127.44,111.9,6,NA,1,W,Regular
2021,10,8,NA,94.44,116.66,5,NA,0,L,Regular
2021,10,9,NA,122.08,127.64,4,NA,0,L,Regular
2021,10,10,NA,147.3,173.24,1,NA,0,L,Regular
2021,10,11,NA,90.3,67.14,12,NA,1,W,Regular
2021,10,12,NA,67.14,90.3,11,NA,0,L,Regular
2021,10,10,NA,147.3,173.24,1,NA,0,L,Regular
2021,10,3,NA,126.52,99.42,2,NA,1,W,Regular
2021,10,2,NA,99.42,126.52,3,NA,0,L,Regular
2021,10,9,NA,122.08,127.64,4,NA,0,L,Regular
2021,10,8,NA,94.44,116.66,5,NA,0,L,Regular
2021,10,7,NA,127.44,111.9,6,NA,1,W,Regular
2021,10,6,NA,111.9,127.44,7,NA,0,L,Regular
2021,10,5,NA,116.66,94.44,8,NA,1,W,Regular
2021,10,4,NA,127.64,122.08,9,NA,1,W,Regular
2021,10,1,NA,173.24,147.3,10,NA,1,W,Regular
2021,10,12,NA,67.14,90.3,11,NA,0,L,Regular
2021,10,11,NA,90.3,67.14,12,NA,1,W,Regular
2021,11,1,NA,160.6,122.48,12,NA,1,W,Regular
2021,11,2,NA,108.62,125.58,9,NA,0,L,Regular
2021,11,3,NA,153.72,138.04,4,NA,1,W,Regular
2021,11,4,NA,138.04,153.72,3,NA,0,L,Regular
2021,11,5,NA,120.62,114.48,6,NA,1,W,Regular
2021,11,6,NA,114.48,120.62,5,NA,0,L,Regular
2021,11,7,NA,91.44,124.56,8,NA,0,L,Regular
2021,11,8,NA,124.56,91.44,7,NA,1,W,Regular
2021,11,9,NA,125.58,108.62,2,NA,1,W,Regular
2021,11,10,NA,118.08,116.34,11,NA,1,W,Regular
2021,11,11,NA,116.34,118.08,10,NA,0,L,Regular
2021,11,12,NA,122.48,160.6,1,NA,0,L,Regular
2021,11,12,NA,122.48,160.6,1,NA,0,L,Regular
2021,11,9,NA,125.58,108.62,2,NA,1,W,Regular
2021,11,4,NA,138.04,153.72,3,NA,0,L,Regular
2021,11,3,NA,153.72,138.04,4,NA,1,W,Regular
2021,11,6,NA,114.48,120.62,5,NA,0,L,Regular
2021,11,5,NA,120.62,114.48,6,NA,1,W,Regular
2021,11,8,NA,124.56,91.44,7,NA,1,W,Regular
2021,11,7,NA,91.44,124.56,8,NA,0,L,Regular
2021,11,2,NA,108.62,125.58,9,NA,0,L,Regular
2021,11,11,NA,116.34,118.08,10,NA,0,L,Regular
2021,11,10,NA,118.08,116.34,11,NA,1,W,Regular
2021,11,1,NA,160.6,122.48,12,NA,1,W,Regular
2021,12,1,NA,126.34,105.64,11,NA,1,W,Regular
2021,12,2,NA,131.28,118.5,4,NA,1,W,Regular
2021,12,3,NA,122.18,139.7,9,NA,0,L,Regular
2021,12,4,NA,118.5,131.28,2,NA,0,L,Regular
2021,12,5,NA,117.3,72.22,7,NA,1,W,Regular
2021,12,6,NA,95.74,88.6,8,NA,1,W,Regular
2021,12,7,NA,72.22,117.3,5,NA,0,L,Regular
2021,12,8,NA,88.6,95.74,6,NA,0,L,Regular
2021,12,9,NA,139.7,122.18,3,NA,1,W,Regular
2021,12,10,NA,151.82,158.18,12,NA,0,L,Regular
2021,12,11,NA,105.64,126.34,1,NA,0,L,Regular
2021,12,12,NA,158.18,151.82,10,NA,1,W,Regular
2021,12,11,NA,105.64,126.34,1,NA,0,L,Regular
2021,12,4,NA,118.5,131.28,2,NA,0,L,Regular
2021,12,9,NA,139.7,122.18,3,NA,1,W,Regular
2021,12,2,NA,131.28,118.5,4,NA,1,W,Regular
2021,12,7,NA,72.22,117.3,5,NA,0,L,Regular
2021,12,8,NA,88.6,95.74,6,NA,0,L,Regular
2021,12,5,NA,117.3,72.22,7,NA,1,W,Regular
2021,12,6,NA,95.74,88.6,8,NA,1,W,Regular
2021,12,3,NA,122.18,139.7,9,NA,0,L,Regular
2021,12,12,NA,158.18,151.82,10,NA,1,W,Regular
2021,12,1,NA,126.34,105.64,11,NA,1,W,Regular
2021,12,10,NA,151.82,158.18,12,NA,0,L,Regular
2021,13,1,NA,173.46,150.52,9,NA,1,W,Regular
2021,13,2,NA,126.9,164.68,10,NA,0,L,Regular
2021,13,3,NA,176,142.12,7,NA,1,W,Regular
2021,13,4,NA,108.12,88.9,8,NA,1,W,Regular
2021,13,5,NA,81.6,76.42,11,NA,1,W,Regular
2021,13,6,NA,145.52,124.74,12,NA,1,W,Regular
2021,13,7,NA,142.12,176,3,NA,0,L,Regular
2021,13,8,NA,88.9,108.12,4,NA,0,L,Regular
2021,13,9,NA,150.52,173.46,1,NA,0,L,Regular
2021,13,10,NA,164.68,126.9,2,NA,1,W,Regular
2021,13,11,NA,76.42,81.6,5,NA,0,L,Regular
2021,13,12,NA,124.74,145.52,6,NA,0,L,Regular
2021,13,9,NA,150.52,173.46,1,NA,0,L,Regular
2021,13,10,NA,164.68,126.9,2,NA,1,W,Regular
2021,13,7,NA,142.12,176,3,NA,0,L,Regular
2021,13,8,NA,88.9,108.12,4,NA,0,L,Regular
2021,13,11,NA,76.42,81.6,5,NA,0,L,Regular
2021,13,12,NA,124.74,145.52,6,NA,0,L,Regular
2021,13,3,NA,176,142.12,7,NA,1,W,Regular
2021,13,4,NA,108.12,88.9,8,NA,1,W,Regular
2021,13,1,NA,173.46,150.52,9,NA,1,W,Regular
2021,13,2,NA,126.9,164.68,10,NA,0,L,Regular
2021,13,5,NA,81.6,76.42,11,NA,1,W,Regular
2021,13,6,NA,145.52,124.74,12,NA,1,W,Regular
2021,14,1,NA,146.52,126.84,3,NA,1,W,Regular
2021,14,2,NA,124.48,143.32,8,NA,0,L,Regular
2021,14,3,NA,126.84,146.52,1,NA,0,L,Regular
2021,14,4,NA,105.7,134.3,12,NA,0,L,Regular
2021,14,5,NA,114.72,144.98,9,NA,0,L,Regular
2021,14,6,NA,145.72,158.7,10,NA,0,L,Regular
2021,14,7,NA,126.72,110.74,11,NA,1,W,Regular
2021,14,8,NA,143.32,124.48,2,NA,1,W,Regular
2021,14,9,NA,144.98,114.72,5,NA,1,W,Regular
2021,14,10,NA,158.7,145.72,6,NA,1,W,Regular
2021,14,11,NA,110.74,126.72,7,NA,0,L,Regular
2021,14,12,NA,134.3,105.7,4,NA,1,W,Regular
2021,14,3,NA,126.84,146.52,1,NA,0,L,Regular
2021,14,8,NA,143.32,124.48,2,NA,1,W,Regular
2021,14,1,NA,146.52,126.84,3,NA,1,W,Regular
2021,14,12,NA,134.3,105.7,4,NA,1,W,Regular
2021,14,9,NA,144.98,114.72,5,NA,1,W,Regular
2021,14,10,NA,158.7,145.72,6,NA,1,W,Regular
2021,14,11,NA,110.74,126.72,7,NA,0,L,Regular
2021,14,2,NA,124.48,143.32,8,NA,0,L,Regular
2021,14,5,NA,114.72,144.98,9,NA,0,L,Regular
2021,14,6,NA,145.72,158.7,10,NA,0,L,Regular
2021,14,7,NA,126.72,110.74,11,NA,1,W,Regular
2021,14,4,NA,105.7,134.3,12,NA,0,L,Regular
2022,1,1,NA,180.1,113,11,NA,1,W,Regular
2022,1,2,NA,96.8,107.18,6,NA,0,L,Regular
2022,1,3,NA,161.48,100.02,7,NA,1,W,Regular
2022,1,4,NA,124.6,140.48,8,NA,0,L,Regular
2022,1,5,NA,88.52,144.22,9,NA,0,L,Regular
2022,1,6,NA,107.18,96.8,2,NA,1,W,Regular
2022,1,7,NA,100.02,161.48,3,NA,0,L,Regular
2022,1,8,NA,140.48,124.6,4,NA,1,W,Regular
2022,1,9,NA,144.22,88.52,5,NA,1,W,Regular
2022,1,10,NA,134.16,129.8,12,NA,1,W,Regular
2022,1,11,NA,113,180.1,1,NA,0,L,Regular
2022,1,12,NA,129.8,134.16,10,NA,0,L,Regular
2022,1,11,NA,113,180.1,1,NA,0,L,Regular
2022,1,6,NA,107.18,96.8,2,NA,1,W,Regular
2022,1,7,NA,100.02,161.48,3,NA,0,L,Regular
2022,1,8,NA,140.48,124.6,4,NA,1,W,Regular
2022,1,9,NA,144.22,88.52,5,NA,1,W,Regular
2022,1,2,NA,96.8,107.18,6,NA,0,L,Regular
2022,1,3,NA,161.48,100.02,7,NA,1,W,Regular
2022,1,4,NA,124.6,140.48,8,NA,0,L,Regular
2022,1,5,NA,88.52,144.22,9,NA,0,L,Regular
2022,1,12,NA,129.8,134.16,10,NA,0,L,Regular
2022,1,1,NA,180.1,113,11,NA,1,W,Regular
2022,1,10,NA,134.16,129.8,12,NA,1,W,Regular
2022,2,1,NA,152.6,112.08,7,NA,1,W,Regular
2022,2,2,NA,107.58,168.06,10,NA,0,L,Regular
2022,2,3,NA,154.44,82.86,5,NA,1,W,Regular
2022,2,4,NA,124.16,79.4,6,NA,1,W,Regular
2022,2,5,NA,82.86,154.44,3,NA,0,L,Regular
2022,2,6,NA,79.4,124.16,4,NA,0,L,Regular
2022,2,7,NA,112.08,152.6,1,NA,0,L,Regular
2022,2,8,NA,145.98,163.16,12,NA,0,L,Regular
2022,2,9,NA,123.52,124.2,11,NA,0,L,Regular
2022,2,10,NA,168.06,107.58,2,NA,1,W,Regular
2022,2,11,NA,124.2,123.52,9,NA,1,W,Regular
2022,2,12,NA,163.16,145.98,8,NA,1,W,Regular
2022,2,7,NA,112.08,152.6,1,NA,0,L,Regular
2022,2,10,NA,168.06,107.58,2,NA,1,W,Regular
2022,2,5,NA,82.86,154.44,3,NA,0,L,Regular
2022,2,6,NA,79.4,124.16,4,NA,0,L,Regular
2022,2,3,NA,154.44,82.86,5,NA,1,W,Regular
2022,2,4,NA,124.16,79.4,6,NA,1,W,Regular
2022,2,1,NA,152.6,112.08,7,NA,1,W,Regular
2022,2,12,NA,163.16,145.98,8,NA,1,W,Regular
2022,2,11,NA,124.2,123.52,9,NA,1,W,Regular
2022,2,2,NA,107.58,168.06,10,NA,0,L,Regular
2022,2,9,NA,123.52,124.2,11,NA,0,L,Regular
2022,2,8,NA,145.98,163.16,12,NA,0,L,Regular
2022,3,1,NA,113.88,140,5,NA,0,L,Regular
2022,3,2,NA,100.06,148.2,8,NA,0,L,Regular
2022,3,3,NA,116.5,144,9,NA,0,L,Regular
2022,3,4,NA,152.5,92.06,12,NA,1,W,Regular
2022,3,5,NA,140,113.88,1,NA,1,W,Regular
2022,3,6,NA,84.34,113.98,10,NA,0,L,Regular
2022,3,7,NA,114.96,123.64,11,NA,0,L,Regular
2022,3,8,NA,148.2,100.06,2,NA,1,W,Regular
2022,3,9,NA,144,116.5,3,NA,1,W,Regular
2022,3,10,NA,113.98,84.34,6,NA,1,W,Regular
2022,3,11,NA,123.64,114.96,7,NA,1,W,Regular
2022,3,12,NA,92.06,152.5,4,NA,0,L,Regular
2022,3,5,NA,140,113.88,1,NA,1,W,Regular
2022,3,8,NA,148.2,100.06,2,NA,1,W,Regular
2022,3,9,NA,144,116.5,3,NA,1,W,Regular
2022,3,12,NA,92.06,152.5,4,NA,0,L,Regular
2022,3,1,NA,113.88,140,5,NA,0,L,Regular
2022,3,10,NA,113.98,84.34,6,NA,1,W,Regular
2022,3,11,NA,123.64,114.96,7,NA,1,W,Regular
2022,3,2,NA,100.06,148.2,8,NA,0,L,Regular
2022,3,3,NA,116.5,144,9,NA,0,L,Regular
2022,3,6,NA,84.34,113.98,10,NA,0,L,Regular
2022,3,7,NA,114.96,123.64,11,NA,0,L,Regular
2022,3,4,NA,152.5,92.06,12,NA,1,W,Regular
2022,4,1,NA,128.96,138.46,9,NA,0,L,Regular
2022,4,2,NA,112.46,136.08,12,NA,0,L,Regular
2022,4,3,NA,139.42,122.9,11,NA,1,W,Regular
2022,4,4,NA,129.94,153.7,10,NA,0,L,Regular
2022,4,5,NA,155.48,87.58,7,NA,1,W,Regular
2022,4,6,NA,127.1,169.74,8,NA,0,L,Regular
2022,4,7,NA,87.58,155.48,5,NA,0,L,Regular
2022,4,8,NA,169.74,127.1,6,NA,1,W,Regular
2022,4,9,NA,138.46,128.96,1,NA,1,W,Regular
2022,4,10,NA,153.7,129.94,4,NA,1,W,Regular
2022,4,11,NA,122.9,139.42,3,NA,0,L,Regular
2022,4,12,NA,136.08,112.46,2,NA,1,W,Regular
2022,4,9,NA,138.46,128.96,1,NA,1,W,Regular
2022,4,12,NA,136.08,112.46,2,NA,1,W,Regular
2022,4,11,NA,122.9,139.42,3,NA,0,L,Regular
2022,4,10,NA,153.7,129.94,4,NA,1,W,Regular
2022,4,7,NA,87.58,155.48,5,NA,0,L,Regular
2022,4,8,NA,169.74,127.1,6,NA,1,W,Regular
2022,4,5,NA,155.48,87.58,7,NA,1,W,Regular
2022,4,6,NA,127.1,169.74,8,NA,0,L,Regular
2022,4,1,NA,128.96,138.46,9,NA,0,L,Regular
2022,4,4,NA,129.94,153.7,10,NA,0,L,Regular
2022,4,3,NA,139.42,122.9,11,NA,1,W,Regular
2022,4,2,NA,112.46,136.08,12,NA,0,L,Regular
2022,5,1,NA,121,141.46,3,NA,0,L,Regular
2022,5,2,NA,86.62,162.38,4,NA,0,L,Regular
2022,5,3,NA,141.46,121,1,NA,1,W,Regular
2022,5,4,NA,162.38,86.62,2,NA,1,W,Regular
2022,5,5,NA,142.58,98.86,11,NA,1,W,Regular
2022,5,6,NA,136.04,95.46,12,NA,1,W,Regular
2022,5,7,NA,91.9,177.56,9,NA,0,L,Regular
2022,5,8,NA,177.56,157.82,10,NA,1,W,Regular
2022,5,9,NA,177.56,91.9,7,NA,1,W,Regular
2022,5,10,NA,157.82,177.56,8,NA,0,L,Regular
2022,5,11,NA,98.86,142.58,5,NA,0,L,Regular
2022,5,12,NA,95.46,136.04,6,NA,0,L,Regular
2022,5,3,NA,141.46,121,1,NA,1,W,Regular
2022,5,4,NA,162.38,86.62,2,NA,1,W,Regular
2022,5,1,NA,121,141.46,3,NA,0,L,Regular
2022,5,2,NA,86.62,162.38,4,NA,0,L,Regular
2022,5,11,NA,98.86,142.58,5,NA,0,L,Regular
2022,5,12,NA,95.46,136.04,6,NA,0,L,Regular
2022,5,9,NA,177.56,91.9,7,NA,1,W,Regular
2022,5,10,NA,157.82,177.56,8,NA,0,L,Regular
2022,5,7,NA,91.9,177.56,9,NA,0,L,Regular
2022,5,8,NA,177.56,157.82,10,NA,1,W,Regular
2022,5,5,NA,142.58,98.86,11,NA,1,W,Regular
2022,5,6,NA,136.04,95.46,12,NA,1,W,Regular
2022,6,1,NA,138.22,112.56,8,NA,1,W,Regular
2022,6,2,NA,74.02,131.5,5,NA,0,L,Regular
2022,6,3,NA,123.4,96.32,10,NA,1,W,Regular
2022,6,4,NA,144.84,40.06,11,NA,1,W,Regular
2022,6,5,NA,131.5,74.02,2,NA,1,W,Regular
2022,6,6,NA,137.52,117.6,9,NA,1,W,Regular
2022,6,7,NA,86.48,128.02,12,NA,0,L,Regular
2022,6,8,NA,112.56,138.22,1,NA,0,L,Regular
2022,6,9,NA,117.6,137.52,6,NA,0,L,Regular
2022,6,10,NA,96.32,123.4,3,NA,0,L,Regular
2022,6,11,NA,40.06,144.84,4,NA,0,L,Regular
2022,6,12,NA,128.02,86.48,7,NA,1,W,Regular
2022,6,8,NA,112.56,138.22,1,NA,0,L,Regular
2022,6,5,NA,131.5,74.02,2,NA,1,W,Regular
2022,6,10,NA,96.32,123.4,3,NA,0,L,Regular
2022,6,11,NA,40.06,144.84,4,NA,0,L,Regular
2022,6,2,NA,74.02,131.5,5,NA,0,L,Regular
2022,6,9,NA,117.6,137.52,6,NA,0,L,Regular
2022,6,12,NA,128.02,86.48,7,NA,1,W,Regular
2022,6,1,NA,138.22,112.56,8,NA,1,W,Regular
2022,6,6,NA,137.52,117.6,9,NA,1,W,Regular
2022,6,3,NA,123.4,96.32,10,NA,1,W,Regular
2022,6,4,NA,144.84,40.06,11,NA,1,W,Regular
2022,6,7,NA,86.48,128.02,12,NA,0,L,Regular
2022,7,1,NA,128.92,94.58,4,NA,1,W,Regular
2022,7,2,NA,115.94,131,9,NA,0,L,Regular
2022,7,3,NA,120.22,116.24,12,NA,1,W,Regular
2022,7,4,NA,94.58,128.92,1,NA,0,L,Regular
2022,7,5,NA,142.74,142.6,6,NA,1,W,Regular
2022,7,6,NA,142.6,142.74,5,NA,0,L,Regular
2022,7,7,NA,93.96,120.32,10,NA,0,L,Regular
2022,7,8,NA,152.22,63.8,11,NA,1,W,Regular
2022,7,9,NA,131,115.94,2,NA,1,W,Regular
2022,7,10,NA,120.32,93.96,7,NA,1,W,Regular
2022,7,11,NA,63.8,152.22,8,NA,0,L,Regular
2022,7,12,NA,116.24,120.22,3,NA,0,L,Regular
2022,7,4,NA,94.58,128.92,1,NA,0,L,Regular
2022,7,9,NA,131,115.94,2,NA,1,W,Regular
2022,7,12,NA,116.24,120.22,3,NA,0,L,Regular
2022,7,1,NA,128.92,94.58,4,NA,1,W,Regular
2022,7,6,NA,142.6,142.74,5,NA,0,L,Regular
2022,7,5,NA,142.74,142.6,6,NA,1,W,Regular
2022,7,10,NA,120.32,93.96,7,NA,1,W,Regular
2022,7,11,NA,63.8,152.22,8,NA,0,L,Regular
2022,7,2,NA,115.94,131,9,NA,0,L,Regular
2022,7,7,NA,93.96,120.32,10,NA,0,L,Regular
2022,7,8,NA,152.22,63.8,11,NA,1,W,Regular
2022,7,3,NA,120.22,116.24,12,NA,1,W,Regular
2022,8,1,NA,136.96,133.24,2,NA,1,W,Regular
2022,8,2,NA,133.24,136.96,1,NA,0,L,Regular
2022,8,3,NA,159.44,169.06,4,NA,0,L,Regular
2022,8,4,NA,169.06,159.44,3,NA,1,W,Regular
2022,8,5,NA,136.38,92.78,12,NA,1,W,Regular
2022,8,6,NA,181.7,59.82,11,NA,1,W,Regular
2022,8,7,NA,116.54,149.4,8,NA,0,L,Regular
2022,8,8,NA,149.4,116.54,7,NA,1,W,Regular
2022,8,9,NA,86.8,140.88,10,NA,0,L,Regular
2022,8,10,NA,140.88,86.8,9,NA,1,W,Regular
2022,8,11,NA,59.82,181.7,6,NA,0,L,Regular
2022,8,12,NA,92.78,136.38,5,NA,0,L,Regular
2022,8,2,NA,133.24,136.96,1,NA,0,L,Regular
2022,8,1,NA,136.96,133.24,2,NA,1,W,Regular
2022,8,4,NA,169.06,159.44,3,NA,1,W,Regular
2022,8,3,NA,159.44,169.06,4,NA,0,L,Regular
2022,8,12,NA,92.78,136.38,5,NA,0,L,Regular
2022,8,11,NA,59.82,181.7,6,NA,0,L,Regular
2022,8,8,NA,149.4,116.54,7,NA,1,W,Regular
2022,8,7,NA,116.54,149.4,8,NA,0,L,Regular
2022,8,10,NA,140.88,86.8,9,NA,1,W,Regular
2022,8,9,NA,86.8,140.88,10,NA,0,L,Regular
2022,8,6,NA,181.7,59.82,11,NA,1,W,Regular
2022,8,5,NA,136.38,92.78,12,NA,1,W,Regular
2022,9,1,NA,128.04,117.8,6,NA,1,W,Regular
2022,9,2,NA,65.78,79.4,11,NA,0,L,Regular
2022,9,3,NA,114.2,134.4,8,NA,0,L,Regular
2022,9,4,NA,91.54,133.5,7,NA,0,L,Regular
2022,9,5,NA,123.24,111.3,10,NA,1,W,Regular
2022,9,6,NA,117.8,128.04,1,NA,0,L,Regular
2022,9,7,NA,133.5,91.54,4,NA,1,W,Regular
2022,9,8,NA,134.4,114.2,3,NA,1,W,Regular
2022,9,9,NA,114.52,146.56,12,NA,0,L,Regular
2022,9,10,NA,111.3,123.24,5,NA,0,L,Regular
2022,9,11,NA,79.4,65.78,2,NA,1,W,Regular
2022,9,12,NA,146.56,114.52,9,NA,1,W,Regular
2022,9,6,NA,117.8,128.04,1,NA,0,L,Regular
2022,9,11,NA,79.4,65.78,2,NA,1,W,Regular
2022,9,8,NA,134.4,114.2,3,NA,1,W,Regular
2022,9,7,NA,133.5,91.54,4,NA,1,W,Regular
2022,9,10,NA,111.3,123.24,5,NA,0,L,Regular
2022,9,1,NA,128.04,117.8,6,NA,1,W,Regular
2022,9,4,NA,91.54,133.5,7,NA,0,L,Regular
2022,9,3,NA,114.2,134.4,8,NA,0,L,Regular
2022,9,12,NA,146.56,114.52,9,NA,1,W,Regular
2022,9,5,NA,123.24,111.3,10,NA,1,W,Regular
2022,9,2,NA,65.78,79.4,11,NA,0,L,Regular
2022,9,9,NA,114.52,146.56,12,NA,0,L,Regular
2022,10,1,NA,164.24,106.34,12,NA,1,W,Regular
2022,10,2,NA,115.8,104.14,7,NA,1,W,Regular
2022,10,3,NA,107,130.12,6,NA,0,L,Regular
2022,10,4,NA,92.1,71.7,9,NA,1,W,Regular
2022,10,5,NA,101.44,120.3,8,NA,0,L,Regular
2022,10,6,NA,130.12,107,3,NA,1,W,Regular
2022,10,7,NA,104.14,115.8,2,NA,0,L,Regular
2022,10,8,NA,120.3,101.44,5,NA,1,W,Regular
2022,10,9,NA,71.7,92.1,4,NA,0,L,Regular
2022,10,10,NA,138.38,147.16,11,NA,0,L,Regular
2022,10,11,NA,147.16,138.38,10,NA,1,W,Regular
2022,10,12,NA,106.34,164.24,1,NA,0,L,Regular
2022,10,12,NA,106.34,164.24,1,NA,0,L,Regular
2022,10,7,NA,104.14,115.8,2,NA,0,L,Regular
2022,10,6,NA,130.12,107,3,NA,1,W,Regular
2022,10,9,NA,71.7,92.1,4,NA,0,L,Regular
2022,10,8,NA,120.3,101.44,5,NA,1,W,Regular
2022,10,3,NA,107,130.12,6,NA,0,L,Regular
2022,10,2,NA,115.8,104.14,7,NA,1,W,Regular
2022,10,5,NA,101.44,120.3,8,NA,0,L,Regular
2022,10,4,NA,92.1,71.7,9,NA,1,W,Regular
2022,10,11,NA,147.16,138.38,10,NA,1,W,Regular
2022,10,10,NA,138.38,147.16,11,NA,0,L,Regular
2022,10,1,NA,164.24,106.34,12,NA,1,W,Regular
2022,11,1,NA,141.56,131.52,10,NA,1,W,Regular
2022,11,2,NA,137.94,101.64,3,NA,1,W,Regular
2022,11,3,NA,101.64,137.94,2,NA,0,L,Regular
2022,11,4,NA,126.74,145.56,5,NA,0,L,Regular
2022,11,5,NA,145.56,126.74,4,NA,1,W,Regular
2022,11,6,NA,128.2,71.3,7,NA,1,W,Regular
2022,11,7,NA,71.3,128.2,6,NA,0,L,Regular
2022,11,8,NA,139.48,128.66,9,NA,1,W,Regular
2022,11,9,NA,128.66,139.48,8,NA,0,L,Regular
2022,11,10,NA,131.52,141.56,1,NA,0,L,Regular
2022,11,11,NA,87.5,58.18,12,NA,1,W,Regular
2022,11,12,NA,58.18,87.5,11,NA,0,L,Regular
2022,11,10,NA,131.52,141.56,1,NA,0,L,Regular
2022,11,3,NA,101.64,137.94,2,NA,0,L,Regular
2022,11,2,NA,137.94,101.64,3,NA,1,W,Regular
2022,11,5,NA,145.56,126.74,4,NA,1,W,Regular
2022,11,4,NA,126.74,145.56,5,NA,0,L,Regular
2022,11,7,NA,71.3,128.2,6,NA,0,L,Regular
2022,11,6,NA,128.2,71.3,7,NA,1,W,Regular
2022,11,9,NA,128.66,139.48,8,NA,0,L,Regular
2022,11,8,NA,139.48,128.66,9,NA,1,W,Regular
2022,11,1,NA,141.56,131.52,10,NA,1,W,Regular
2022,11,12,NA,58.18,87.5,11,NA,0,L,Regular
2022,11,11,NA,87.5,58.18,12,NA,1,W,Regular
2022,12,1,NA,172.74,108.04,11,NA,1,W,Regular
2022,12,2,NA,102.06,156.34,6,NA,0,L,Regular
2022,12,3,NA,124.42,94.44,7,NA,1,W,Regular
2022,12,4,NA,99.44,133.92,8,NA,0,L,Regular
2022,12,5,NA,88.4,111.86,9,NA,0,L,Regular
2022,12,6,NA,156.34,102.06,2,NA,1,W,Regular
2022,12,7,NA,94.44,124.42,3,NA,0,L,Regular
2022,12,8,NA,133.92,99.44,4,NA,1,W,Regular
2022,12,9,NA,111.86,88.4,5,NA,1,W,Regular
2022,12,10,NA,179.36,153.08,12,NA,1,W,Regular
2022,12,11,NA,108.04,172.74,1,NA,0,L,Regular
2022,12,12,NA,153.08,179.36,10,NA,0,L,Regular
2022,12,11,NA,108.04,172.74,1,NA,0,L,Regular
2022,12,6,NA,156.34,102.06,2,NA,1,W,Regular
2022,12,7,NA,94.44,124.42,3,NA,0,L,Regular
2022,12,8,NA,133.92,99.44,4,NA,1,W,Regular
2022,12,9,NA,111.86,88.4,5,NA,1,W,Regular
2022,12,2,NA,102.06,156.34,6,NA,0,L,Regular
2022,12,3,NA,124.42,94.44,7,NA,1,W,Regular
2022,12,4,NA,99.44,133.92,8,NA,0,L,Regular
2022,12,5,NA,88.4,111.86,9,NA,0,L,Regular
2022,12,12,NA,153.08,179.36,10,NA,0,L,Regular
2022,12,1,NA,172.74,108.04,11,NA,1,W,Regular
2022,12,10,NA,179.36,153.08,12,NA,1,W,Regular
2022,13,1,NA,136.22,105.9,7,NA,1,W,Regular
2022,13,2,NA,115,155.1,10,NA,0,L,Regular
2022,13,3,NA,139.58,131.44,5,NA,1,W,Regular
2022,13,4,NA,122.4,114.04,6,NA,1,W,Regular
2022,13,5,NA,131.44,139.58,3,NA,0,L,Regular
2022,13,6,NA,114.04,122.4,4,NA,0,L,Regular
2022,13,7,NA,105.9,136.22,1,NA,0,L,Regular
2022,13,8,NA,122.42,100.8,12,NA,1,W,Regular
2022,13,9,NA,185.3,116.46,11,NA,1,W,Regular
2022,13,10,NA,155.1,115,2,NA,1,W,Regular
2022,13,11,NA,116.46,185.3,9,NA,0,L,Regular
2022,13,12,NA,100.8,122.42,8,NA,0,L,Regular
2022,13,7,NA,105.9,136.22,1,NA,0,L,Regular
2022,13,10,NA,155.1,115,2,NA,1,W,Regular
2022,13,5,NA,131.44,139.58,3,NA,0,L,Regular
2022,13,6,NA,114.04,122.4,4,NA,0,L,Regular
2022,13,3,NA,139.58,131.44,5,NA,1,W,Regular
2022,13,4,NA,122.4,114.04,6,NA,1,W,Regular
2022,13,1,NA,136.22,105.9,7,NA,1,W,Regular
2022,13,12,NA,100.8,122.42,8,NA,0,L,Regular
2022,13,11,NA,116.46,185.3,9,NA,0,L,Regular
2022,13,2,NA,115,155.1,10,NA,0,L,Regular
2022,13,9,NA,185.3,116.46,11,NA,1,W,Regular
2022,13,8,NA,122.42,100.8,12,NA,1,W,Regular
2022,14,1,NA,124.18,126.66,5,NA,0,L,Regular
2022,14,2,NA,140.9,80.38,8,NA,1,W,Regular
2022,14,3,NA,130.6,137.98,9,NA,0,L,Regular
2022,14,4,NA,138.06,118.48,12,NA,1,W,Regular
2022,14,5,NA,126.66,124.18,1,NA,1,W,Regular
2022,14,6,NA,104.72,114.28,10,NA,0,L,Regular
2022,14,7,NA,78.7,108.42,11,NA,0,L,Regular
2022,14,8,NA,80.38,140.9,2,NA,0,L,Regular
2022,14,9,NA,137.98,130.6,3,NA,1,W,Regular
2022,14,10,NA,114.28,104.72,6,NA,1,W,Regular
2022,14,11,NA,108.42,78.7,7,NA,1,W,Regular
2022,14,12,NA,118.48,138.06,4,NA,0,L,Regular
2022,14,5,NA,126.66,124.18,1,NA,1,W,Regular
2022,14,8,NA,80.38,140.9,2,NA,0,L,Regular
2022,14,9,NA,137.98,130.6,3,NA,1,W,Regular
2022,14,12,NA,118.48,138.06,4,NA,0,L,Regular
2022,14,1,NA,124.18,126.66,5,NA,0,L,Regular
2022,14,10,NA,114.28,104.72,6,NA,1,W,Regular
2022,14,11,NA,108.42,78.7,7,NA,1,W,Regular
2022,14,2,NA,140.9,80.38,8,NA,1,W,Regular
2022,14,3,NA,130.6,137.98,9,NA,0,L,Regular
2022,14,6,NA,104.72,114.28,10,NA,0,L,Regular
2022,14,7,NA,78.7,108.42,11,NA,0,L,Regular
2022,14,4,NA,138.06,118.48,12,NA,1,W,Regular
2023,1,11,Pat Liou,106.74,120.24,1,NA,0,L,Regular
2023,1,11,Pat Liou,106.74,120.24,1,NA,0,L,Regular
2023,1,1,NA,120.24,106.74,11,Pat Liou,1,W,Regular
2023,1,2,NA,109.24,127.82,4,NA,0,L,Regular
2023,1,3,NA,132.86,108.18,5,NA,1,W,Regular
2023,1,4,NA,127.82,109.24,2,NA,1,W,Regular
2023,1,5,NA,108.18,132.86,3,NA,0,L,Regular
2023,1,6,NA,118.12,135.46,10,NA,0,L,Regular
2023,1,7,NA,53.78,105.7,9,NA,0,L,Regular
2023,1,8,NA,134.34,79,12,NA,1,W,Regular
2023,1,9,NA,105.7,53.78,7,NA,1,W,Regular
2023,1,10,NA,135.46,118.12,6,NA,1,W,Regular
2023,1,12,NA,79,134.34,8,NA,0,L,Regular
2023,1,4,NA,127.82,109.24,2,NA,1,W,Regular
2023,1,5,NA,108.18,132.86,3,NA,0,L,Regular
2023,1,2,NA,109.24,127.82,4,NA,0,L,Regular
2023,1,3,NA,132.86,108.18,5,NA,1,W,Regular
2023,1,10,NA,135.46,118.12,6,NA,1,W,Regular
2023,1,9,NA,105.7,53.78,7,NA,1,W,Regular
2023,1,12,NA,79,134.34,8,NA,0,L,Regular
2023,1,7,NA,53.78,105.7,9,NA,0,L,Regular
2023,1,6,NA,118.12,135.46,10,NA,0,L,Regular
2023,1,1,NA,120.24,106.74,11,Pat Liou,1,W,Regular
2023,1,8,NA,134.34,79,12,NA,1,W,Regular
2023,2,11,Pat Liou,132.34,146.56,3,NA,0,L,Regular
2023,2,11,Pat Liou,132.34,146.56,3,NA,0,L,Regular
2023,2,1,NA,145,119.02,9,NA,1,W,Regular
2023,2,2,NA,103.96,153.28,6,NA,0,L,Regular
2023,2,3,NA,146.56,132.34,11,Pat Liou,1,W,Regular
2023,2,4,NA,148.62,100.66,8,NA,1,W,Regular
2023,2,5,NA,134.88,105.18,7,NA,1,W,Regular
2023,2,6,NA,153.28,103.96,2,NA,1,W,Regular
2023,2,7,NA,105.18,134.88,5,NA,0,L,Regular
2023,2,8,NA,100.66,148.62,4,NA,0,L,Regular
2023,2,9,NA,119.02,145,1,NA,0,L,Regular
2023,2,10,NA,136.2,126.32,12,NA,1,W,Regular
2023,2,12,NA,126.32,136.2,10,NA,0,L,Regular
2023,2,9,NA,119.02,145,1,NA,0,L,Regular
2023,2,6,NA,153.28,103.96,2,NA,1,W,Regular
2023,2,8,NA,100.66,148.62,4,NA,0,L,Regular
2023,2,7,NA,105.18,134.88,5,NA,0,L,Regular
2023,2,2,NA,103.96,153.28,6,NA,0,L,Regular
2023,2,5,NA,134.88,105.18,7,NA,1,W,Regular
2023,2,4,NA,148.62,100.66,8,NA,1,W,Regular
2023,2,1,NA,145,119.02,9,NA,1,W,Regular
2023,2,12,NA,126.32,136.2,10,NA,0,L,Regular
2023,2,3,NA,146.56,132.34,11,Pat Liou,1,W,Regular
2023,2,10,NA,136.2,126.32,12,NA,1,W,Regular
2023,3,11,Pat Liou,143.06,101.58,9,NA,1,W,Regular
2023,3,11,Pat Liou,143.06,101.58,9,NA,1,W,Regular
2023,3,1,NA,136.58,66.78,5,NA,1,W,Regular
2023,3,2,NA,104.56,164.26,12,NA,0,L,Regular
2023,3,3,NA,160.88,99,7,NA,1,W,Regular
2023,3,4,NA,125.06,181.22,6,NA,0,L,Regular
2023,3,5,NA,66.78,136.58,1,NA,0,L,Regular
2023,3,6,NA,181.22,125.06,4,NA,1,W,Regular
2023,3,7,NA,99,160.88,3,NA,0,L,Regular
2023,3,8,NA,144.32,173.76,10,NA,0,L,Regular
2023,3,9,NA,101.58,143.06,11,Pat Liou,0,L,Regular
2023,3,10,NA,173.76,144.32,8,NA,1,W,Regular
2023,3,12,NA,164.26,104.56,2,NA,1,W,Regular
2023,3,5,NA,66.78,136.58,1,NA,0,L,Regular
2023,3,12,NA,164.26,104.56,2,NA,1,W,Regular
2023,3,7,NA,99,160.88,3,NA,0,L,Regular
2023,3,6,NA,181.22,125.06,4,NA,1,W,Regular
2023,3,1,NA,136.58,66.78,5,NA,1,W,Regular
2023,3,4,NA,125.06,181.22,6,NA,0,L,Regular
2023,3,3,NA,160.88,99,7,NA,1,W,Regular
2023,3,10,NA,173.76,144.32,8,NA,1,W,Regular
2023,3,8,NA,144.32,173.76,10,NA,0,L,Regular
2023,3,9,NA,101.58,143.06,11,Pat Liou,0,L,Regular
2023,3,2,NA,104.56,164.26,12,NA,0,L,Regular
2023,4,11,Pat Liou,107.18,100.88,5,NA,1,W,Regular
2023,4,11,Pat Liou,107.18,100.88,5,NA,1,W,Regular
2023,4,1,NA,98.42,123.26,7,NA,0,L,Regular
2023,4,2,NA,81.28,153.58,10,NA,0,L,Regular
2023,4,3,NA,144.36,151.66,9,NA,0,L,Regular
2023,4,4,NA,177.42,110.94,12,NA,1,W,Regular
2023,4,5,NA,100.88,107.18,11,Pat Liou,0,L,Regular
2023,4,6,NA,151.24,102.8,8,NA,1,W,Regular
2023,4,7,NA,123.26,98.42,1,NA,1,W,Regular
2023,4,8,NA,102.8,151.24,6,NA,0,L,Regular
2023,4,9,NA,151.66,144.36,3,NA,1,W,Regular
2023,4,10,NA,153.58,81.28,2,NA,1,W,Regular
2023,4,12,NA,110.94,177.42,4,NA,0,L,Regular
2023,4,7,NA,123.26,98.42,1,NA,1,W,Regular
2023,4,10,NA,153.58,81.28,2,NA,1,W,Regular
2023,4,9,NA,151.66,144.36,3,NA,1,W,Regular
2023,4,12,NA,110.94,177.42,4,NA,0,L,Regular
2023,4,8,NA,102.8,151.24,6,NA,0,L,Regular
2023,4,1,NA,98.42,123.26,7,NA,0,L,Regular
2023,4,6,NA,151.24,102.8,8,NA,1,W,Regular
2023,4,3,NA,144.36,151.66,9,NA,0,L,Regular
2023,4,2,NA,81.28,153.58,10,NA,0,L,Regular
2023,4,5,NA,100.88,107.18,11,Pat Liou,0,L,Regular
2023,4,4,NA,177.42,110.94,12,NA,1,W,Regular
2023,5,11,Pat Liou,108.26,103.86,7,NA,1,W,Regular
2023,5,11,Pat Liou,108.26,103.86,7,NA,1,W,Regular
2023,5,1,NA,177.34,204.06,3,NA,0,L,Regular
2023,5,2,NA,89.52,116.76,8,NA,0,L,Regular
2023,5,3,NA,204.06,177.34,1,NA,1,W,Regular
2023,5,4,NA,103.24,164.34,10,NA,0,L,Regular
2023,5,5,NA,103.78,168.52,9,NA,0,L,Regular
2023,5,6,NA,116.94,117.42,12,NA,0,L,Regular
2023,5,7,NA,103.86,108.26,11,Pat Liou,0,L,Regular
2023,5,8,NA,116.76,89.52,2,NA,1,W,Regular
2023,5,9,NA,168.52,103.78,5,NA,1,W,Regular
2023,5,10,NA,164.34,103.24,4,NA,1,W,Regular
2023,5,12,NA,117.42,116.94,6,NA,1,W,Regular
2023,5,3,NA,204.06,177.34,1,NA,1,W,Regular
2023,5,8,NA,116.76,89.52,2,NA,1,W,Regular
2023,5,1,NA,177.34,204.06,3,NA,0,L,Regular
2023,5,10,NA,164.34,103.24,4,NA,1,W,Regular
2023,5,9,NA,168.52,103.78,5,NA,1,W,Regular
2023,5,12,NA,117.42,116.94,6,NA,1,W,Regular
2023,5,2,NA,89.52,116.76,8,NA,0,L,Regular
2023,5,5,NA,103.78,168.52,9,NA,0,L,Regular
2023,5,4,NA,103.24,164.34,10,NA,0,L,Regular
2023,5,7,NA,103.86,108.26,11,Pat Liou,0,L,Regular
2023,5,6,NA,116.94,117.42,12,NA,0,L,Regular
2023,6,11,Pat Liou,111.62,127.42,4,NA,0,L,Regular
2023,6,11,Pat Liou,111.62,127.42,4,NA,0,L,Regular
2023,6,1,NA,138.84,116.68,2,NA,1,W,Regular
2023,6,2,NA,116.68,138.84,1,NA,0,L,Regular
2023,6,3,NA,117.04,120.46,8,NA,0,L,Regular
2023,6,4,NA,127.42,111.62,11,Pat Liou,1,W,Regular
2023,6,5,NA,93.5,159.14,12,NA,0,L,Regular
2023,6,6,NA,161.62,110.4,9,NA,1,W,Regular
2023,6,7,NA,119.08,120.58,10,NA,0,L,Regular
2023,6,8,NA,120.46,117.04,3,NA,1,W,Regular
2023,6,9,NA,110.4,161.62,6,NA,0,L,Regular
2023,6,10,NA,120.58,119.08,7,NA,1,W,Regular
2023,6,12,NA,159.14,93.5,5,NA,1,W,Regular
2023,6,2,NA,116.68,138.84,1,NA,0,L,Regular
2023,6,1,NA,138.84,116.68,2,NA,1,W,Regular
2023,6,8,NA,120.46,117.04,3,NA,1,W,Regular
2023,6,12,NA,159.14,93.5,5,NA,1,W,Regular
2023,6,9,NA,110.4,161.62,6,NA,0,L,Regular
2023,6,10,NA,120.58,119.08,7,NA,1,W,Regular
2023,6,3,NA,117.04,120.46,8,NA,0,L,Regular
2023,6,6,NA,161.62,110.4,9,NA,1,W,Regular
2023,6,7,NA,119.08,120.58,10,NA,0,L,Regular
2023,6,4,NA,127.42,111.62,11,Pat Liou,1,W,Regular
2023,6,5,NA,93.5,159.14,12,NA,0,L,Regular
2023,7,11,Pat Liou,110.86,102.84,2,NA,1,W,Regular
2023,7,11,Pat Liou,110.86,102.84,2,NA,1,W,Regular
2023,7,1,NA,174.26,162.58,4,NA,1,W,Regular
2023,7,2,NA,102.84,110.86,11,Pat Liou,0,L,Regular
2023,7,3,NA,152.12,123.54,12,NA,1,W,Regular
2023,7,4,NA,162.58,174.26,1,NA,0,L,Regular
2023,7,5,NA,107.18,131.7,8,NA,0,L,Regular
2023,7,6,NA,119.06,111.7,7,NA,1,W,Regular
2023,7,7,NA,111.7,119.06,6,NA,0,L,Regular
2023,7,8,NA,131.7,107.18,5,NA,1,W,Regular
2023,7,9,NA,99.26,101.06,10,NA,0,L,Regular
2023,7,10,NA,101.06,99.26,9,NA,1,W,Regular
2023,7,12,NA,123.54,152.12,3,NA,0,L,Regular
2023,7,4,NA,162.58,174.26,1,NA,0,L,Regular
2023,7,12,NA,123.54,152.12,3,NA,0,L,Regular
2023,7,1,NA,174.26,162.58,4,NA,1,W,Regular
2023,7,8,NA,131.7,107.18,5,NA,1,W,Regular
2023,7,7,NA,111.7,119.06,6,NA,0,L,Regular
2023,7,6,NA,119.06,111.7,7,NA,1,W,Regular
2023,7,5,NA,107.18,131.7,8,NA,0,L,Regular
2023,7,10,NA,101.06,99.26,9,NA,1,W,Regular
2023,7,9,NA,99.26,101.06,10,NA,0,L,Regular
2023,7,2,NA,102.84,110.86,11,Pat Liou,0,L,Regular
2023,7,3,NA,152.12,123.54,12,NA,1,W,Regular
2023,8,11,Pat Liou,104.08,150.68,6,NA,0,L,Regular
2023,8,11,Pat Liou,104.08,150.68,6,NA,0,L,Regular
2023,8,1,NA,158,103.52,10,NA,1,W,Regular
2023,8,2,NA,135.56,148.32,5,NA,0,L,Regular
2023,8,3,NA,171.66,162.38,4,NA,1,W,Regular
2023,8,4,NA,162.38,171.66,3,NA,0,L,Regular
2023,8,5,NA,148.32,135.56,2,NA,1,W,Regular
2023,8,6,NA,150.68,104.08,11,Pat Liou,1,W,Regular
2023,8,7,NA,117.32,121.48,12,NA,0,L,Regular
2023,8,8,NA,121.96,123.86,9,NA,0,L,Regular
2023,8,9,NA,123.86,121.96,8,NA,1,W,Regular
2023,8,10,NA,103.52,158,1,NA,0,L,Regular
2023,8,12,NA,121.48,117.32,7,NA,1,W,Regular
2023,8,10,NA,103.52,158,1,NA,0,L,Regular
2023,8,5,NA,148.32,135.56,2,NA,1,W,Regular
2023,8,4,NA,162.38,171.66,3,NA,0,L,Regular
2023,8,3,NA,171.66,162.38,4,NA,1,W,Regular
2023,8,2,NA,135.56,148.32,5,NA,0,L,Regular
2023,8,12,NA,121.48,117.32,7,NA,1,W,Regular
2023,8,9,NA,123.86,121.96,8,NA,1,W,Regular
2023,8,8,NA,121.96,123.86,9,NA,0,L,Regular
2023,8,1,NA,158,103.52,10,NA,1,W,Regular
2023,8,6,NA,150.68,104.08,11,Pat Liou,1,W,Regular
2023,8,7,NA,117.32,121.48,12,NA,0,L,Regular
2023,9,11,Pat Liou,82.2,152.76,10,NA,0,L,Regular
2023,9,11,Pat Liou,82.2,152.76,10,NA,0,L,Regular
2023,9,1,NA,122,160.1,6,NA,0,L,Regular
2023,9,2,NA,129.42,93.32,3,NA,1,W,Regular
2023,9,3,NA,93.32,129.42,2,NA,0,L,Regular
2023,9,4,NA,150.68,99.62,5,NA,1,W,Regular
2023,9,5,NA,99.62,150.68,4,NA,0,L,Regular
2023,9,6,NA,160.1,122,1,NA,1,W,Regular
2023,9,7,NA,69.92,133.22,8,NA,0,L,Regular
2023,9,8,NA,133.22,69.92,7,NA,1,W,Regular
2023,9,9,NA,138.58,77.14,12,NA,1,W,Regular
2023,9,10,NA,152.76,82.2,11,Pat Liou,1,W,Regular
2023,9,12,NA,77.14,138.58,9,NA,0,L,Regular
2023,9,6,NA,160.1,122,1,NA,1,W,Regular
2023,9,3,NA,93.32,129.42,2,NA,0,L,Regular
2023,9,2,NA,129.42,93.32,3,NA,1,W,Regular
2023,9,5,NA,99.62,150.68,4,NA,0,L,Regular
2023,9,4,NA,150.68,99.62,5,NA,1,W,Regular
2023,9,1,NA,122,160.1,6,NA,0,L,Regular
2023,9,8,NA,133.22,69.92,7,NA,1,W,Regular
2023,9,7,NA,69.92,133.22,8,NA,0,L,Regular
2023,9,12,NA,77.14,138.58,9,NA,0,L,Regular
2023,9,10,NA,152.76,82.2,11,Pat Liou,1,W,Regular
2023,9,9,NA,138.58,77.14,12,NA,1,W,Regular
2023,10,11,Pat Liou,133.8,117.18,8,NA,1,W,Regular
2023,10,11,Pat Liou,133.8,117.18,8,NA,1,W,Regular
2023,10,1,NA,162.36,132,12,NA,1,W,Regular
2023,10,2,NA,79.66,141.7,7,NA,0,L,Regular
2023,10,3,NA,119.52,128.92,6,NA,0,L,Regular
2023,10,4,NA,126.92,173.22,9,NA,0,L,Regular
2023,10,5,NA,116.68,148.86,10,NA,0,L,Regular
2023,10,6,NA,128.92,119.52,3,NA,1,W,Regular
2023,10,7,NA,141.7,79.66,2,NA,1,W,Regular
2023,10,8,NA,117.18,133.8,11,Pat Liou,0,L,Regular
2023,10,9,NA,173.22,126.92,4,NA,1,W,Regular
2023,10,10,NA,148.86,116.68,5,NA,1,W,Regular
2023,10,12,NA,132,162.36,1,NA,0,L,Regular
2023,10,12,NA,132,162.36,1,NA,0,L,Regular
2023,10,7,NA,141.7,79.66,2,NA,1,W,Regular
2023,10,6,NA,128.92,119.52,3,NA,1,W,Regular
2023,10,9,NA,173.22,126.92,4,NA,1,W,Regular
2023,10,10,NA,148.86,116.68,5,NA,1,W,Regular
2023,10,3,NA,119.52,128.92,6,NA,0,L,Regular
2023,10,2,NA,79.66,141.7,7,NA,0,L,Regular
2023,10,4,NA,126.92,173.22,9,NA,0,L,Regular
2023,10,5,NA,116.68,148.86,10,NA,0,L,Regular
2023,10,8,NA,117.18,133.8,11,Pat Liou,0,L,Regular
2023,10,1,NA,162.36,132,12,NA,1,W,Regular
2023,11,11,Pat Liou,125.16,123.5,12,NA,1,W,Regular
2023,11,11,Pat Liou,125.16,123.5,12,NA,1,W,Regular
2023,11,1,NA,125.78,140.2,8,NA,0,L,Regular
2023,11,2,NA,95.2,141,9,NA,0,L,Regular
2023,11,3,NA,197.94,104.86,10,NA,1,W,Regular
2023,11,4,NA,120.16,116.16,7,NA,1,W,Regular
2023,11,5,NA,76.74,81.94,6,NA,0,L,Regular
2023,11,6,NA,81.94,76.74,5,NA,1,W,Regular
2023,11,7,NA,116.16,120.16,4,NA,0,L,Regular
2023,11,8,NA,140.2,125.78,1,NA,1,W,Regular
2023,11,9,NA,141,95.2,2,NA,1,W,Regular
2023,11,10,NA,104.86,197.94,3,NA,0,L,Regular
2023,11,12,NA,123.5,125.16,11,Pat Liou,0,L,Regular
2023,11,8,NA,140.2,125.78,1,NA,1,W,Regular
2023,11,9,NA,141,95.2,2,NA,1,W,Regular
2023,11,10,NA,104.86,197.94,3,NA,0,L,Regular
2023,11,7,NA,116.16,120.16,4,NA,0,L,Regular
2023,11,6,NA,81.94,76.74,5,NA,1,W,Regular
2023,11,5,NA,76.74,81.94,6,NA,0,L,Regular
2023,11,4,NA,120.16,116.16,7,NA,1,W,Regular
2023,11,1,NA,125.78,140.2,8,NA,0,L,Regular
2023,11,2,NA,95.2,141,9,NA,0,L,Regular
2023,11,3,NA,197.94,104.86,10,NA,1,W,Regular
2023,11,12,NA,123.5,125.16,11,Pat Liou,0,L,Regular
2023,12,11,Pat Liou,144.08,149.92,1,NA,0,L,Regular
2023,12,11,Pat Liou,144.08,149.92,1,NA,0,L,Regular
2023,12,1,NA,149.92,144.08,11,Pat Liou,1,W,Regular
2023,12,2,NA,141.42,172.28,4,NA,0,L,Regular
2023,12,3,NA,122,149.06,5,NA,0,L,Regular
2023,12,4,NA,172.28,141.42,2,NA,1,W,Regular
2023,12,5,NA,149.06,122,3,NA,1,W,Regular
2023,12,6,NA,147.16,148.84,10,NA,0,L,Regular
2023,12,7,NA,110.64,115.3,9,NA,0,L,Regular
2023,12,8,NA,153.46,98.36,12,NA,1,W,Regular
2023,12,9,NA,115.3,110.64,7,NA,1,W,Regular
2023,12,10,NA,148.84,147.16,6,NA,1,W,Regular
2023,12,12,NA,98.36,153.46,8,NA,0,L,Regular
2023,12,4,NA,172.28,141.42,2,NA,1,W,Regular
2023,12,5,NA,149.06,122,3,NA,1,W,Regular
2023,12,2,NA,141.42,172.28,4,NA,0,L,Regular
2023,12,3,NA,122,149.06,5,NA,0,L,Regular
2023,12,10,NA,148.84,147.16,6,NA,1,W,Regular
2023,12,9,NA,115.3,110.64,7,NA,1,W,Regular
2023,12,12,NA,98.36,153.46,8,NA,0,L,Regular
2023,12,7,NA,110.64,115.3,9,NA,0,L,Regular
2023,12,6,NA,147.16,148.84,10,NA,0,L,Regular
2023,12,1,NA,149.92,144.08,11,Pat Liou,1,W,Regular
2023,12,8,NA,153.46,98.36,12,NA,1,W,Regular
2023,13,11,Pat Liou,116.42,55.1,3,NA,1,W,Regular
2023,13,11,Pat Liou,116.42,55.1,3,NA,1,W,Regular
2023,13,1,NA,151.4,136.34,9,NA,1,W,Regular
2023,13,2,NA,137.1,128.46,6,NA,1,W,Regular
2023,13,3,NA,55.1,116.42,11,Pat Liou,0,L,Regular
2023,13,4,NA,165.24,127.64,8,NA,1,W,Regular
2023,13,5,NA,152.76,116.3,7,NA,1,W,Regular
2023,13,6,NA,128.46,137.1,2,NA,0,L,Regular
2023,13,7,NA,116.3,152.76,5,NA,0,L,Regular
2023,13,8,NA,127.64,165.24,4,NA,0,L,Regular
2023,13,9,NA,136.34,151.4,1,NA,0,L,Regular
2023,13,10,NA,123.36,93.56,12,NA,1,W,Regular
2023,13,12,NA,93.56,123.36,10,NA,0,L,Regular
2023,13,9,NA,136.34,151.4,1,NA,0,L,Regular
2023,13,6,NA,128.46,137.1,2,NA,0,L,Regular
2023,13,8,NA,127.64,165.24,4,NA,0,L,Regular
2023,13,7,NA,116.3,152.76,5,NA,0,L,Regular
2023,13,2,NA,137.1,128.46,6,NA,1,W,Regular
2023,13,5,NA,152.76,116.3,7,NA,1,W,Regular
2023,13,4,NA,165.24,127.64,8,NA,1,W,Regular
2023,13,1,NA,151.4,136.34,9,NA,1,W,Regular
2023,13,12,NA,93.56,123.36,10,NA,0,L,Regular
2023,13,3,NA,55.1,116.42,11,Pat Liou,0,L,Regular
2023,13,10,NA,123.36,93.56,12,NA,1,W,Regular
2023,14,11,Pat Liou,117.12,90.38,9,NA,1,W,Regular
2023,14,11,Pat Liou,117.12,90.38,9,NA,1,W,Regular
2023,14,1,NA,121.04,132.12,5,NA,0,L,Regular
2023,14,2,NA,131.3,99.26,12,NA,1,W,Regular
2023,14,3,NA,130.22,103.78,7,NA,1,W,Regular
2023,14,4,NA,193.74,117.94,6,NA,1,W,Regular
2023,14,5,NA,132.12,121.04,1,NA,1,W,Regular
2023,14,6,NA,117.94,193.74,4,NA,0,L,Regular
2023,14,7,NA,103.78,130.22,3,NA,0,L,Regular
2023,14,8,NA,102.62,132.34,10,NA,0,L,Regular
2023,14,9,NA,90.38,117.12,11,Pat Liou,0,L,Regular
2023,14,10,NA,132.34,102.62,8,NA,1,W,Regular
2023,14,12,NA,99.26,131.3,2,NA,0,L,Regular
2023,14,5,NA,132.12,121.04,1,NA,1,W,Regular
2023,14,12,NA,99.26,131.3,2,NA,0,L,Regular
2023,14,7,NA,103.78,130.22,3,NA,0,L,Regular
2023,14,6,NA,117.94,193.74,4,NA,0,L,Regular
2023,14,1,NA,121.04,132.12,5,NA,0,L,Regular
2023,14,4,NA,193.74,117.94,6,NA,1,W,Regular
2023,14,3,NA,130.22,103.78,7,NA,1,W,Regular
2023,14,10,NA,132.34,102.62,8,NA,1,W,Regular
2023,14,8,NA,102.62,132.34,10,NA,0,L,Regular
2023,14,9,NA,90.38,117.12,11,Pat Liou,0,L,Regular
2023,14,2,NA,131.3,99.26,12,NA,1,W,Regular
